ID,Product_Type,Raw_Material_Usage_kg,Energy_Consumption_kWh,Waste_Generated_kg,Transport_Distance_km,CO2_Emissions_kg,Manufacturing_Energy_kWh,Renewable_Energy_%,Cost_$,Delivery_Time_days,Sustainability_Score
1,Pharmaceutical,187.10247367188634,372.345524628207,4.580996539323735,2708.230192162127,206.07250110878883,195.02209716993076,77.31280095781128,4696.896464436873,2,81.25
2,Food,117.3753048819497,82.43795119940302,31.494819966245057,605.9985434877372,794.0033593775123,784.2067289428086,31.89912396039677,989.7217874854995,4,37.55
3,Automotive,142.36365653660954,82.06552749436636,49.07771400135243,945.3669970371741,166.37296886768976,775.0472638251905,16.86311766776579,1321.186084267324,2,41.17
4,Food,185.2748824236862,55.448813855699356,10.315274839402655,2883.0740568487945,653.1613261955047,214.61027051541967,46.87720162352894,1464.6725393304714,1,56.79
5,Food,144.37534051954574,480.42562923476606,39.83716069813078,1552.152306215113,167.6537253705266,309.59618736217465,13.996935491162345,381.53665544976946,10,45.27
6,Apparel,38.98241815370966,381.8787617565531,45.487040895201346,4697.747070391449,117.00885571330873,170.10849825473684,17.738021641600636,790.6501932335595,13,45.58
7,Automotive,119.4947884316945,208.96313382592888,47.24137804819082,4111.827124471849,913.9580285015827,290.2023192287258,25.35725724373724,4934.4796301319775,13,16.49
8,Automotive,125.27585881274263,183.44101157944485,48.04664461586691,4919.479311916949,230.6223280027704,671.1690525906447,42.504517491749915,1713.040339410973,3,51.69
9,Automotive,90.58482754745334,207.3664533856323,26.551522297352125,1372.3871108570286,830.1876468317191,364.8209250156816,40.32756526163195,753.4452336274368,12,43.13
10,Food,149.92440476869734,398.59408903153184,48.88808749158368,4851.645800710087,567.399327551779,161.87787700273086,65.97843034019539,713.558053638192,8,54.98
11,Pharmaceutical,187.52973280611283,347.6167749816865,38.1082001495875,2213.0459619786334,123.96369362833113,339.55786734523315,61.76322577188794,3653.4078448158652,6,64.61
12,Automotive,185.8580174522875,133.33800554036057,8.921900375611134,1802.8420970373977,957.6757818661641,786.9683339688961,39.842280579349094,4301.929587356676,12,39.02
13,Food,95.6594805667851,128.34920090033796,24.36810521693053,346.7126821498309,284.6131086422979,540.778516681442,33.35929453029409,1433.3710376406555,7,55.53
14,Apparel,31.515228709743496,94.27804237102879,36.1982275932282,358.54976351205283,866.6630780849762,391.3126624843104,32.1528148843049,300.36565920912784,2,35.0
15,Pharmaceutical,197.11982780284356,347.1362238656022,13.119675475135084,3490.8551541386078,210.36950549533597,216.57695944808899,64.17965611058062,1270.832088537708,6,77.99
16,Apparel,169.3906364247275,393.9676979997812,32.39014399389548,2343.852072726737,861.2457380347603,790.3237580985864,13.64506843548888,471.2753158244352,14,27.09
17,Pharmaceutical,33.685909428620704,169.27089274625183,33.66342347328434,1209.955967576918,62.56737226002929,674.5943064841902,10.897515465742408,696.2956958241992,8,48.71
18,Food,184.95995769730075,59.42523246391077,8.972287446619728,3108.45450099364,536.1914337410067,297.0341117156436,65.68810743486537,2271.2389752686836,8,68.63
19,Electronics,175.28030879180437,86.9772503643923,28.68918031018506,1339.0047794255447,780.970450450479,149.0480870048326,43.40024631923345,1303.6081801358364,4,44.19
20,Pharmaceutical,108.5792308539537,485.5370156802637,38.809718637951775,2930.3955962876707,938.0557416181441,139.63789016429064,19.16167969875032,2676.5402169220324,6,20.56
21,Apparel,122.34233279153656,182.95014986483912,25.445887562261156,1860.1228602151828,913.7420293961627,184.26470465387368,26.48961542161509,1416.7700156345138,14,32.82
22,Food,85.81051373532475,396.15041652716013,1.5930527220292638,4135.405910397913,828.6436260702627,506.5380085300951,75.27527671681678,4714.579045294148,5,62.71
23,Pharmaceutical,20.404711376185954,331.0986059844187,1.4428849848853167,4121.411187757219,893.7817821782389,750.1343948438447,70.16520829374286,4548.53104604607,9,58.59
24,Electronics,73.68747591272117,221.87283784380315,18.494437854530595,2439.0169507997666,239.25870154522266,447.72039960418914,59.684953515678075,2920.669304050237,8,69.43
25,Electronics,162.54215523362217,142.55926798799982,46.383509353157315,1819.0136357415763,319.9750809261423,690.061837719338,43.75576612361286,1901.2351615394537,2,49.92
26,Automotive,10.880084370874544,104.62388817173289,12.20516220057683,1876.5430031395633,324.5200986750056,412.12063390186546,46.422653833397,2029.5050337667308,12,64.53
27,Automotive,73.3648426213174,326.75583561749,32.08382075471267,4048.0011757742677,408.20123445161386,596.0084820374777,78.2671174698771,2176.8909590935855,13,69.7
28,Apparel,85.65205178227923,398.58520128700457,11.881717663972708,1708.0794657082988,423.65463686592926,612.3109161005506,77.60393107190009,3692.380746247731,7,73.95
29,Pharmaceutical,112.10516455820535,339.7569140935088,16.761829493317883,1124.3909311635455,567.3275584219417,221.77459413233706,25.0688332050084,2367.867178490422,7,44.07
30,Pharmaceutical,184.7725671184245,288.6359599621212,42.554062390472716,514.9728751890034,201.88577519811932,352.85124128306825,66.77731964137226,4312.303743228307,11,61.69
31,Automotive,75.80573892953264,68.87805054423632,36.7142106712274,2386.7962923336013,706.6843305966898,546.1115095766168,23.806986631691174,4731.65497246575,14,26.55
32,Pharmaceutical,75.92110836028326,485.8199499174727,5.674564588347321,2462.447284707225,209.18821233928116,149.48762572905633,24.947623451876595,1812.5415362188826,14,60.3
33,Pharmaceutical,150.1252371408522,409.42138624455856,22.00639902833525,4220.452680974245,344.7930579993202,353.07813143406963,57.326512391520374,2891.3335106032646,12,63.73
34,Electronics,95.92140876906336,181.76991651543412,2.429318418617959,1184.0696125857135,528.1778740758464,474.3596263968347,38.35007690112839,656.2713767963093,1,61.05
35,Automotive,52.674916358596576,490.9866482114828,24.56361718354744,1966.8572409751596,806.6185334473034,797.3571451312471,75.20810849745641,1162.2514292785231,1,61.26
36,Food,95.96350806521174,320.84671533634497,33.45926657335234,4061.1881205790855,752.4957715767908,432.1734938357085,16.230681442720616,2184.6356802087685,12,27.79
37,Automotive,36.76283387216198,312.0901961932609,6.806628556309426,4135.755692669971,663.2576385899962,671.2397299800265,45.80679485666451,1189.7730363285386,4,57.9
38,Food,43.51352743618243,386.6329307432894,15.155362006549117,1984.5942722959642,197.98459755116164,402.4470995466324,74.29650713101849,4407.490355785844,5,76.33
39,Electronics,104.68987682050115,415.2964046405619,20.49399464960569,2349.707714104736,569.6930783347989,657.4735058337963,73.28795623356535,959.7740290836707,4,69.44
40,Apparel,89.59583540586411,345.41537329917617,46.05702020814644,1586.1008651614864,133.07417670989116,516.790361134076,20.957044939101884,2387.1719434548413,7,43.29
41,Pharmaceutical,183.820721202939,107.64308586479001,49.66949575572524,4669.518904254629,408.49501795681823,720.6168090516788,35.664639006751955,3107.356354207403,3,39.49
42,Electronics,78.85484083216029,202.22037769752427,3.200653650785177,681.3544521337435,442.8407037754612,387.6597866450769,53.33849800326874,3520.946759172053,7,65.06
43,Pharmaceutical,120.31178655282825,467.6376381467224,38.28938825127421,4675.372172707203,87.82086747346614,523.0130938750352,21.157641933998153,2038.7329746872324,13,48.55
44,Apparel,130.13021470471077,151.07702532973337,19.214479253714817,3450.9456139931817,310.2886944964732,541.0130764331791,77.7615520432017,4371.675529878697,8,73.14
45,Apparel,12.48794675178339,217.475160726881,20.23045112524452,2704.7035481649827,957.8669939031649,392.1680592603313,74.03245301093622,2927.9319251740426,6,54.33
46,Electronics,136.072100683175,244.4345973248882,37.95898369400411,260.02939784402975,955.950977438205,201.01843058123706,21.68651253241284,2309.6373461482485,6,22.36
47,Apparel,43.826833705252774,247.73224536250348,46.002895175125026,2430.4213399278406,384.71070153991235,165.49158483863488,18.48088228826898,522.7550434497757,8,38.25
48,Food,192.60336031919647,325.8228121225365,47.595501130624875,2097.965714513388,90.94510350090786,111.67008541974317,15.97859379657857,2430.509448536792,8,41.36
49,Apparel,38.24591827309146,474.3841269851184,29.279006715877717,889.9721786781005,220.14019236177248,711.4739849716502,73.66105648256418,4139.532035915505,7,70.24
50,Pharmaceutical,88.7785835081345,158.31172032462723,18.49893680572464,3316.407057153219,422.6069037618631,265.53243856708616,23.553666685682256,3149.7968874623143,6,45.4
51,Pharmaceutical,26.216436934942333,104.67561933541313,39.589905207080186,4858.6394461046,950.3907130707682,248.05472449723763,39.13994499810483,4194.379777899769,6,26.83
52,Pharmaceutical,199.40610785073,138.86172043697178,13.299067779852713,2854.725174216173,184.13911036032567,615.2247802982458,41.41959559564021,2571.256018876667,10,64.72
53,Pharmaceutical,105.41705196293609,449.1162050941713,28.63962741284237,3602.2910545753343,775.3400514848016,324.01127916117423,51.93077309494973,768.6161844535128,11,49.71
54,Food,123.12315329080832,340.6148656948427,18.570344614718785,435.4072175734822,153.24841240595748,454.2312846882856,15.021474062319747,265.47126001222915,13,54.95
55,Automotive,22.74453070380122,178.65805515762207,33.17492261168593,2146.5682795032744,982.194698521713,213.7577457082194,25.873103218036114,1655.4538242492376,13,26.89
56,Electronics,152.49248937584377,417.17612253587777,12.779546731781839,670.1565773060298,412.5356741536782,771.8220050233784,75.20432708432482,3550.354263189404,6,73.01
57,Pharmaceutical,49.8820626881613,437.6164983635462,10.388054341006463,3102.699594128901,786.4728119541032,696.1069800120662,73.58870750879987,3993.24753892013,8,61.06
58,Apparel,180.63031499373562,430.9314524106251,45.99371524709642,4698.562575249358,375.4615286705752,704.6527360755023,64.69034531839846,1619.6136061775812,1,59.44
59,Pharmaceutical,48.976531691581364,463.5169401377995,5.988380464527308,3342.710889111029,646.2854333008682,384.74162400040365,11.35808719327508,2579.138820239586,5,38.74
60,Apparel,46.230666926096646,163.50845907801272,25.79193747901165,476.3349367406655,232.4152805030349,633.6528495950209,32.89047379472714,2221.370741283592,3,54.71
61,Apparel,16.944436891138025,389.76886793582526,11.821786365187437,1837.8644044269058,188.7199683321144,200.71330877284612,53.95711147400355,2170.5093648868537,12,72.25
62,Pharmaceutical,99.69271957089985,257.242773773363,2.9075682029577052,2798.2505592601724,941.1609325897247,106.0333018142462,29.263314824143297,1310.4738233607225,8,42.61
63,Food,117.31981531989712,428.8993488005277,2.7649220962798933,2075.718005052936,921.7649140092118,113.98105280461968,73.67106865376442,854.5813041414002,11,66.37
64,Apparel,22.48464149138695,377.82080472272594,9.58586683318554,4184.855651328344,893.0954932022382,510.6212161831923,54.372262328270935,1144.105079509823,6,54.27
65,Apparel,157.350247172052,399.4013509248761,43.47174737079401,4091.887923078947,644.1617776582638,418.77643367355853,15.033470212151192,465.59545838406126,14,29.87
66,Pharmaceutical,96.12487860212525,345.27282695648216,14.841458454874306,3097.971998505785,817.8548006554644,462.6107442359638,73.63039121849921,1151.0275607531698,2,64.04
67,Apparel,109.63415117224021,129.8429462613681,47.57249935818949,1929.9439311502558,115.58509006580617,105.22419829205359,77.04366607233558,244.1643086018214,13,75.54
68,Apparel,93.74492191826334,295.26211350362223,29.499492356470483,1351.1482314398963,368.0495897961452,395.880633760198,15.439869287420784,3210.8403230526956,7,38.46
69,Pharmaceutical,86.14498156631194,493.1013827860287,22.394095298669537,618.7841592443336,348.0179685192984,602.6477128406026,47.26521644029204,1718.601955460878,7,60.8
70,Pharmaceutical,116.3316629485614,471.8246299237035,29.424352898803274,1838.9986490841147,653.8630558549826,409.8855913772051,31.23549975499193,4871.094614849161,13,34.49
71,Electronics,39.495646726835375,69.42818110865525,26.31822087608712,2124.5453343178256,388.1598847971085,612.5534444185556,37.498735353698166,1129.8418437262299,5,54.32
72,Food,44.56634479410151,124.1666670782467,38.180036434108935,3411.5323330099604,191.08144256149677,263.11327507778435,22.575585256873932,1859.9771374860507,8,46.56
73,Food,173.73926799256827,109.27794805455287,14.84230723266976,3324.98313905811,616.6437216428666,669.1994031372078,50.465047140868876,1917.6375614793594,14,56.96
74,Apparel,189.76193780539023,376.690959493383,18.299469188414818,443.529884242159,823.6647246356274,511.9018683174166,77.05855472742235,240.5671810998106,5,66.02
75,Food,80.92877009315306,418.0033984356253,44.81062082412929,2036.7706456126732,413.0173197369745,247.53416960093435,45.215082019012634,4228.198174589403,1,43.84
76,Apparel,61.441487897275216,146.08011483980238,47.37636914436987,990.7164493650733,175.65527934355762,265.70433309768305,15.80402069761368,353.5734086927587,9,42.97
77,Electronics,132.35991321541297,277.63371182832304,44.73535314683725,868.3822560523479,236.8537874471819,539.621325198676,53.40009334341859,4712.863206700358,4,52.27
78,Pharmaceutical,87.65949250863832,428.31636260504,21.552951703908366,4153.780533712505,275.6091399109148,680.9577152487103,33.81560961158799,4481.956885249379,13,51.05
79,Pharmaceutical,14.823407575465524,379.76069514481276,39.237909647337204,305.3845619096619,334.9027133448094,390.9394474204086,69.91476327139085,2770.5051972126253,2,63.67
80,Pharmaceutical,39.66899349957617,294.00674247133173,24.340450931753843,2153.9960919203945,660.6553169809937,280.81030038931453,40.42747038215292,2809.258759574202,4,45.04
81,Food,146.03472348100553,315.6564607064478,25.379452755159008,924.1979132559392,620.8982103108331,706.9081248374202,23.498772625957194,3338.1340301895502,14,36.29
82,Electronics,135.19554896292874,278.762246112326,11.029325343806914,4408.718056824523,711.2758684886873,568.4878042255845,23.377393588380144,2057.8400572874575,13,41.82
83,Food,15.148238575661864,183.89680309346926,29.965384859667306,2829.4985150476723,394.3768853049375,413.65984109815355,63.81349265048122,3306.666960309706,9,61.48
84,Food,52.17471076726039,304.25989678655725,10.120658989914048,1233.7651182465554,832.7977692859794,441.53013669551126,28.591131881515192,414.88826570473697,2,44.43
85,Electronics,53.904211351733565,359.9983859225408,17.246670254292496,2561.8937071152445,243.88327809797227,242.9795275554775,63.70633759114561,459.4286112786875,4,76.72
86,Electronics,137.65962128375838,442.99531213736344,42.89647987937682,3684.2831625452677,495.58871014224627,538.7618410453908,24.412111753661957,2394.706014173813,2,35.39
87,Electronics,13.74500217332919,336.33110929066163,11.146714651331905,4794.778243705226,810.8917854643588,351.11975738002207,32.51804580909166,2838.1870453089678,5,41.8
88,Electronics,29.78063057706903,392.5046916694211,4.486755973498208,1180.1854208025527,221.1507153459883,796.9516236720444,42.584088070778954,4461.524673611932,3,63.94
89,Pharmaceutical,161.98405622090598,122.03223572955785,4.381372038027999,4442.290683433791,154.3699580537438,436.1284606833215,76.02370947854155,702.371042757902,10,90.22
90,Automotive,43.92348579032338,257.70086348890544,47.098441504652286,4678.090159420703,889.4997693035903,440.1199243327292,75.22119973276773,4148.710050530669,2,43.79
91,Automotive,134.02176049185618,54.199228922191985,25.839101460129896,4590.460668207124,375.7831796212361,496.09625118747033,24.481031279560145,1208.227219001934,14,48.21
92,Electronics,55.254728398878036,161.00548903473037,21.061191519033898,3213.5303486233583,699.6766186635804,741.7292021831227,35.075332887015094,2091.601512848153,9,43.94
93,Automotive,28.89386462427558,376.9077718008522,40.733050469388004,3186.1212067300676,74.08117405074155,660.5726699018252,20.457957191764063,1719.6916871715819,5,48.27
94,Automotive,56.20271628989627,496.3144781072136,41.955470467615285,2075.7321026007317,705.5445439889771,415.791048858489,45.6989555519448,2120.745309753915,10,40.66
95,Electronics,147.23071705257524,94.63014481424716,17.277360622664627,3786.7496232885605,350.296245969622,603.0894861809572,42.24077854862666,922.3783907484107,5,61.86
96,Automotive,172.5823289401943,230.6724421375797,34.98728481621597,2703.3406899195666,102.95381090806966,510.3648491465332,73.05321137155127,2617.136357137064,1,74.21
97,Food,167.7417742677284,410.0319359146218,38.785017976742445,3419.446549018643,629.3221234707112,444.65693409087424,75.10037644537508,4047.8844311905627,6,55.06
98,Apparel,85.46487062750641,141.81603558300446,33.07788365643177,2199.4437288590975,278.7636252695146,234.62104094904538,36.84971737051045,2319.3632498187053,13,52.19
99,Apparel,136.93617594842277,299.78822718602885,8.428158665204869,3684.3326738113815,417.466879949286,424.75538441842366,44.42165601132926,2554.9451643113557,7,61.21
100,Electronics,48.94701612900599,379.88208321335367,43.91827109233579,4139.91043626229,126.55177167218791,272.07301091580223,72.73653744022931,4274.084409350308,1,66.46
101,Pharmaceutical,65.69806874959252,327.19345261708054,27.415633084064428,817.537657353799,189.80508854019806,740.3895048961583,66.4695465421543,3589.078950262548,9,69.4
102,Electronics,180.30380551901277,134.61113057693726,14.841148892130182,4181.355606313717,333.07837372105155,334.78476944744284,10.25594179412545,2554.1811608949665,8,44.09
103,Pharmaceutical,12.470365467039848,209.92305590858274,21.836181086447002,2747.4530057725055,135.27152553214927,766.5848101733606,32.40416949285078,1436.9391113080624,12,60.54
104,Apparel,26.246620862348934,402.70630301842874,2.8409834295464615,4238.862954542099,915.2849514519995,473.13870306629786,39.52419693552881,4447.64838485584,14,42.27
105,Electronics,49.49838847774519,299.4019313594075,7.26547325989846,2213.3783610709716,55.7446910247795,542.0810650733122,26.08013985782622,2969.69792811468,14,62.52
106,Food,15.041118736025746,52.35332609431073,38.511790775277184,1957.2983783768716,509.66720792109584,480.0583111425294,23.970013112715712,1261.5085285313282,8,38.77
107,Automotive,44.47273266706149,392.44584201264223,1.000570103012941,4583.79758933439,167.08508522592388,190.56643187669061,12.644915461697577,1491.7748126624497,7,57.93
108,Pharmaceutical,120.77789658424152,65.89010972310759,21.411725595632316,1330.7294109871664,342.2951350040511,363.0748533055587,55.03588075488324,4055.0388268939805,5,60.57
109,Automotive,90.0706646125746,385.58020222905446,26.602998873193833,4236.640393902101,929.7565818273522,169.40227859433674,28.375720333821597,411.8986980197862,3,34.83
110,Automotive,179.6076251046252,141.11625207435685,3.6770865800476424,2471.70080529608,203.60982561028752,536.0678309283672,13.664302490191917,4962.042497738336,12,49.33
111,Electronics,165.31427673030376,481.1330660537211,48.68082998564431,2619.0676685011726,967.540703732416,412.81193664030724,26.168551736964456,825.6880626310005,14,22.93
112,Automotive,74.94529682259643,215.57333808593802,12.080141231233926,1611.4945792984718,245.50465813995064,644.5894800996558,66.13397669852885,4021.1289219052996,9,72.83
113,Food,59.290452351945575,197.1192273521356,15.905737262177762,2907.906783033177,754.487803043488,254.3293366995589,69.60424271525827,2094.9215205040778,14,61.62
114,Automotive,82.1415575517807,116.9996226496001,15.893183100496339,1693.5348617534355,569.3434016524461,215.19624090053443,43.81463716353119,2562.6376797798407,7,53.34
115,Electronics,122.15603907781347,187.52189697059669,12.290416443750145,292.42012978409633,890.2547912169211,384.43256167463744,39.12494692860803,4427.122771829973,11,39.08
116,Food,60.93209175634649,444.49284282269025,1.0722172822292593,1432.7931661873447,576.2935927279744,748.6097682528668,78.44975854512472,2181.9737100282236,10,77.14
117,Apparel,128.58829249133547,498.3504519322613,36.73789491031182,131.25731269229433,557.8312581984933,597.2952705086882,24.039526171164894,2779.9700176315255,10,35.03
118,Automotive,87.78821391633568,215.73928872808176,48.37542949016498,4893.938456578598,235.6851003499799,393.2465373550431,25.075149799822594,436.63837956401574,8,45.24
119,Electronics,114.88896436187625,251.87478392954415,11.990380680967208,4832.161328116763,207.9178939490758,462.09051882801737,30.430702392547982,211.26787456377514,14,63.76
120,Apparel,92.86404053571017,374.93192219123165,33.4893123983677,2036.2609576142947,920.6646935597385,158.94910782396883,22.09301227967611,1375.0393904082844,6,27.28
121,Apparel,65.94849431296436,448.7881012092835,37.35292002097704,3669.0171862642655,361.4462889075324,789.2031274632792,36.55559187429306,3466.798846010083,12,45.56
122,Pharmaceutical,190.20612832280977,316.86995038405286,42.57284357543571,1794.4498822110825,403.47814221475113,566.4851132864433,73.75839588928277,782.0714881238562,14,66.18
123,Food,155.08510089035457,226.1865641800232,21.708830653666848,3388.356469721283,771.832475506969,299.7828479243957,53.0743488440002,746.0574022618372,11,53.21
124,Automotive,36.62150339562598,235.6798283818807,15.843614376381034,4046.6072109252977,371.88230830166697,510.06587595067106,38.836258402858455,2172.610918572336,14,57.58
125,Electronics,175.00891542060344,363.0281659235631,16.939461567128525,4739.10559899198,954.4593243070526,176.6376562482958,75.40875561998503,3309.617785319487,5,55.68
126,Pharmaceutical,102.6119276674076,51.448218621925406,35.91844532182713,2061.040151663393,751.0313805488603,776.0856681653084,13.392496273307563,3617.9455627900666,8,22.56
127,Food,179.96492310987736,328.8152018569283,41.02219385877616,3938.160116484634,617.557780444749,222.34949151835616,24.719332453130296,1056.563235672199,3,35.31
128,Pharmaceutical,161.9724986299899,209.97185469861083,9.89908442007353,1403.049408097382,886.8504025175149,553.6212226386499,49.61220235712313,582.0231073858038,12,53.08
129,Food,90.79056584915436,407.38879907468794,19.176109399730496,4952.628288588877,97.12561293200861,271.81812377725134,53.08868362352254,4713.9057629386125,13,66.53
130,Food,14.269168580822306,91.84578792040946,45.195069640708354,226.2710339453206,294.2095575797483,602.292967853975,12.76902545938292,1451.1986362980883,13,36.58
131,Automotive,61.04869828313976,314.69102012677575,40.52798246504222,3057.2911518554924,491.78451750986443,643.7749570681967,38.21271305349925,4296.0631885218745,7,39.55
132,Food,112.91050078556472,266.4378004487557,49.258061735361316,3331.579310091503,265.629612497945,571.3938102380029,55.44077753816109,4344.758962221527,2,51.36
133,Pharmaceutical,130.360861766968,339.0464866573523,37.958164724421955,3471.4232296632313,756.7099279370443,530.1496221786348,58.86493824823811,3908.1084404602134,3,43.73
134,Food,58.99866023230843,79.18411751733575,20.26656485036819,689.8991360665361,923.2476295010389,724.7283657664082,54.66979317613885,1010.4013119323364,13,49.51
135,Automotive,36.47765407383659,310.99270434265907,29.94125386573725,4698.795939018339,452.58161393437723,155.03869769283062,32.43942570526472,4144.6470044201615,12,42.38
136,Automotive,168.63674499186683,302.66806458178564,33.389698458118694,987.7980673454057,375.0259701063002,331.64033604613667,16.546408651853667,3892.402684359616,2,35.88
137,Pharmaceutical,197.0364143336749,302.29704248727694,4.844334999539074,3151.491675875221,963.4731955306879,273.80123574159217,39.897871249353386,3064.2703525098423,5,42.98
138,Apparel,109.88113463751031,321.5694499684047,27.680350996089388,1191.1127877031163,472.60981118616377,791.6097734457951,19.012810615763883,1818.5697688109733,7,40.62
139,Apparel,42.61906431117767,354.410571751863,35.75672059515787,1605.3604434042275,514.5959804268191,372.57284576681144,76.3336560964467,1460.0413004794116,11,65.51
140,Food,61.738392038680104,412.2450498563464,9.198743896051958,2777.646854467809,384.0673787248101,612.8288894682792,43.26196062158398,785.0682179857231,10,64.86
141,Electronics,13.494228544018679,171.41932405769646,39.2509541538523,2144.247750966425,914.0710493615314,579.3076147167033,32.20814220498073,2646.833921124183,11,27.69
142,Food,183.7167732464948,421.27223458102793,29.60486624519147,885.1054447848808,590.5077091177582,248.4568662341644,63.64128497832301,3009.2522024472632,11,56.24
143,Pharmaceutical,32.372705749126816,274.21505701855415,47.658867499182136,937.5883718621566,774.0658578225624,267.29837614808594,44.85640148075847,1924.8271544757786,11,36.29
144,Pharmaceutical,119.53813034770818,84.67622561044902,3.078692612137693,2148.909461997718,821.216382433342,296.89919448712385,31.702381680871504,2481.723524868169,10,45.02
145,Pharmaceutical,62.07049193056914,76.34791815979064,14.000980740217882,3810.6865935499536,374.75658982139527,387.78909478156544,66.83774196735612,1944.86939537248,13,72.69
146,Pharmaceutical,115.29382047800075,200.40724341322735,30.47614008569138,4500.026769554164,462.00961475436105,264.02754595536874,70.70065057007854,3276.829075139366,14,62.75
147,Pharmaceutical,133.7698737868542,403.2036397001604,15.531435698090604,512.2255450709758,856.0481856859515,113.75603792279347,57.11057164020739,4526.044197423504,1,47.61
148,Automotive,167.6509427043683,368.4564206334121,36.00678403949087,2026.209147041065,395.0925840920197,715.5751397650369,13.287509568536711,986.8172578253354,13,38.41
149,Apparel,49.22004163451461,404.8767341025829,38.191258843574616,591.2032622420954,804.2383767792587,775.9268819666189,49.64260161165725,2030.7622875349925,10,41.36
150,Pharmaceutical,12.089207445111292,282.7710753987242,6.023282239257248,181.30315509972962,943.9427064457152,339.09927092209756,63.43064383980971,876.1692989641343,9,59.24
151,Electronics,36.00826971307338,248.08954907997074,26.17886874613162,3342.4215449553876,642.0498544146067,336.95481559783104,19.555210845850752,3199.7300979575934,1,33.65
152,Electronics,181.00354195113997,116.35363701782778,25.935637223961738,3052.0022656362803,754.5459230792944,104.96426894205969,26.006952596922236,3698.57844554526,1,32.6
153,Electronics,176.0391147368779,197.6867391241902,19.094757740561512,898.7936576929424,814.8424464390781,576.1754818312618,71.77465735476954,4673.181116467788,14,54.46
154,Electronics,123.50848941235857,245.30871477824388,46.713318265913934,1245.682882156014,852.7876664518104,677.8079270240402,11.408520529715183,1538.5852460526316,12,18.36
155,Automotive,124.09820348239414,89.87019335582775,41.54780967378784,216.16799285814005,425.3006709639562,202.62581025200222,62.69089964781832,4761.013788154065,10,52.45
156,Electronics,136.35696816378854,149.27537872004507,35.1632597135722,4191.241307902578,98.70028621719825,211.7664445570055,43.1641304760096,503.66082473923905,8,63.55
157,Pharmaceutical,43.320542938455425,319.2013823286825,36.00200515101488,4875.983920637902,431.78245767490256,653.0582749800064,41.274051118772476,3094.4665441500233,6,47.09
158,Food,183.73826972574236,381.0484014076354,23.624091046842835,763.7517302939849,690.0684182948853,531.4035238479013,10.496757274642102,474.2370528479839,6,34.15
159,Electronics,89.5663997294939,499.2563801268273,46.128731533732214,1234.2285474499608,477.8328664917531,131.4023903394019,67.3578761676545,4490.116101257335,12,51.91
160,Automotive,82.79632036740452,469.90099910460094,35.03517593541098,4355.206667339977,761.5149933173786,535.7828933235971,35.18774304455965,2743.08347393626,9,35.25
161,Automotive,108.59436400373913,339.1543397908362,36.720072021135,4639.672609985306,389.13330799523067,316.24240599063626,47.853594191038,3412.872083661421,4,50.74
162,Electronics,18.92353368726046,239.5616239823324,43.22285428557992,2156.1741757533705,653.006934048828,358.10760882959215,57.41104804349616,4191.554844370172,8,43.44
163,Food,41.59384006365509,336.27981411870473,14.429507877767358,348.0501141184632,227.09881461127586,638.8119928078162,59.1840703506541,921.49098792305,4,75.16
164,Electronics,150.2263871210104,403.5432281361044,40.54647428946845,293.01998509481507,761.900964812709,667.6546348708274,76.91860411782505,385.23949730304247,14,58.61
165,Automotive,25.73174690577403,103.25128591552429,10.56678954486811,2912.3543437381513,568.4111703723745,380.24963878788145,47.19379672656264,4418.62950038169,2,53.48
166,Apparel,124.59890079861376,234.45720036332972,17.921755659999505,2025.1860335765773,243.86116911927056,763.0070552044483,37.980368568209926,1711.6794918028759,11,61.08
167,Pharmaceutical,56.61633083945098,427.91102853602774,17.444912259222292,240.39689513050712,327.3156148229169,384.52390256645054,76.75925385441955,819.0987580503933,8,79.94
168,Automotive,83.96616666797554,222.7248283698698,48.94774795106789,2957.936722331528,761.1782731527408,640.2852246610769,54.94771645178648,2448.6139380180152,12,40.16
169,Electronics,64.85180998643298,307.34252205223396,42.97032396364842,155.3824292862101,508.47117387844463,438.71408519498135,30.870524939358894,3071.8691633408903,7,36.85
170,Pharmaceutical,77.57781612834033,314.4962123879892,35.357323217922726,3958.1225949314376,255.22986837341858,728.2726285654588,18.85249717824998,348.6588964280486,4,46.93
171,Electronics,146.61872198500663,133.01431391013773,36.625781319154115,1601.5208312465206,968.9076308517828,735.4328705551251,68.97881510256269,1519.499159634021,9,47.73
172,Electronics,66.45312596840326,213.00594874352979,28.541566925725984,297.26421474523727,729.3687688260435,161.1917655097587,35.35271219559061,357.43939652910086,9,43.66
173,Apparel,117.61688165641047,200.53007993386947,47.40744268831744,2982.925882817451,959.2780909128063,755.545331917158,56.23288049551018,2217.609868138395,8,35.94
174,Pharmaceutical,100.44957641782894,61.78851883942916,25.316678891235714,2048.653630721968,455.74979309232606,677.874389064291,42.95714935561287,4496.480139517973,14,48.69
175,Pharmaceutical,136.09752141890314,60.88629375110986,19.64536778362483,4871.622025450032,501.34532365713443,653.9175000188668,23.925084585652684,4916.731575169132,1,39.23
176,Apparel,187.99765047170402,424.26366965409807,8.988731509647959,2766.5734462681407,903.0574553757682,240.6379377798657,52.118062603432556,3257.8282568174122,7,48.86
177,Automotive,149.18869846994755,172.8818644877656,39.52407696079184,1448.6719870813406,548.7968732331153,663.5834461282655,14.247814826547762,975.8609301660407,5,32.9
178,Electronics,50.838671932243784,283.1354448074669,36.98775267170398,3576.250436706476,721.9149663103838,695.0929142795258,38.933972190983454,4548.077071996668,7,33.92
179,Food,15.924795661644087,184.42650811494786,19.83339688768261,1430.3108124592854,289.5642336207535,302.40523411790565,48.26304577645697,2677.98955136029,12,62.16
180,Electronics,59.830168416966764,473.30566030190323,2.2344772840022387,4530.792127897069,474.3901452675085,766.5820548536266,40.52328818830053,937.9966980940069,9,63.26
181,Electronics,123.06480683304842,166.68354148959818,42.11086905818252,1936.1376554861445,167.27737251983734,134.90210247941496,62.407052267569355,4624.288013367975,2,60.09
182,Automotive,19.770904562007566,243.34556573252078,1.5594811892496079,2794.3559576034054,245.6810340831136,204.93647727299776,67.95474681817187,3835.8514434708945,13,78.31
183,Electronics,104.30958696823491,442.72861271807085,35.48128920182349,347.8082087387214,50.89624450424953,476.30679663606,63.987015182322466,3712.1853090711274,14,68.85
184,Apparel,123.40014129420895,428.8701050563139,48.5425983765768,2187.994065965931,87.30179906622722,503.05472978561676,12.716906346826148,3604.0673782131425,11,37.11
185,Apparel,73.50633925522256,133.7456380308248,22.44540507926197,4178.581344338875,978.4196320180828,551.6050583106323,23.589013931218055,1161.6311412629232,4,31.14
186,Pharmaceutical,156.47331871170616,411.1894894080697,12.513696844801686,4047.6791462803753,280.2360103799242,111.87839052082651,47.5625256484642,1212.832120196125,4,67.94
187,Food,30.253668095416643,256.1840990320517,35.5386794921257,1199.1609383822786,680.1451740288019,772.2567422354912,75.43754283106608,3503.806392450824,2,56.09
188,Electronics,24.276178529803666,267.33599243840985,41.039278958763674,1207.787447951757,847.144713859631,131.2116649139008,68.44697425364818,1254.669200529905,3,49.88
189,Electronics,148.35586367868464,110.0659875871747,27.77508548781452,4104.79602984486,573.127436274736,200.1433669063817,68.97741558462612,2305.6241446546346,11,61.57
190,Automotive,104.14335007917771,86.27068119070609,48.384728487551165,4658.952258829695,195.48727507975838,109.81016226823988,31.22457356317724,3953.6087628509185,14,42.49
191,Apparel,140.79645532126986,377.57268813819434,3.531767361240094,567.2685142377175,741.710615469358,496.80090330586626,40.06135279550918,3962.9720868696363,14,48.44
192,Food,92.61719433471178,273.4075185598849,25.734984316921878,2305.287333188504,620.2388395946039,752.5868187446806,42.949416312115616,2375.656508124126,13,47.82
193,Pharmaceutical,56.81638631543029,246.5828161768308,36.20424341880496,1753.525966924722,744.6880598800063,566.1630162563249,21.016010834493727,4002.511703721176,8,25.68
194,Apparel,165.62944035809795,378.27870289357855,43.269383086309766,4366.373431741453,781.2592917142329,675.8602279362991,12.174769117111943,4225.3846217506725,12,16.89
195,Pharmaceutical,161.88901700410605,394.4808045459994,9.783524983481712,509.27208193209196,976.6398493005079,109.29684242100606,76.28320296223617,3342.923606164449,9,58.24
196,Automotive,141.99232946234108,121.5086754512091,40.200170606420386,1134.5171185343834,594.8851160253745,479.41070893580826,26.84988099644547,1296.4440910804167,6,36.91
197,Automotive,61.70757607369291,324.6013172649386,28.082646710208717,3787.094854173822,374.5590570560717,421.6940842538653,26.79642326065419,1515.256545850628,10,47.9
198,Electronics,122.14382670512654,110.90933702495849,20.431130417508196,351.33986000795636,666.0413290552252,449.27756095455516,15.836533763813168,1711.2375459619298,2,36.34
199,Food,78.58504041860509,388.11878871307056,7.454036400375585,2513.4233655000176,115.01867378049482,150.54922973463155,74.9955426360645,760.6597171229696,2,89.54
200,Pharmaceutical,27.400593932060488,345.6298203202128,43.39949218653671,2266.324469930628,902.527452405507,579.1047527485152,50.58159804578404,1511.1661777757365,7,37.83
201,Apparel,184.28957933782613,480.4765794875561,8.706387200806052,1738.5657770448684,163.41196077128694,452.2542904010441,56.69257999877477,1205.6922767001543,8,77.55
202,Automotive,35.99553987460267,81.03110736038953,16.179605101245862,2033.4043450627266,361.4506959915273,635.6041949028847,73.81038210841368,2385.5779990812903,8,74.82
203,Electronics,190.54509722595247,75.67462451806445,15.212231066159408,2696.7088759581416,824.9581115948149,439.7034438432008,34.193411823055264,4560.500229786871,14,37.14
204,Electronics,94.74109686201159,176.98418361194007,43.69928767535186,890.7000561030773,617.4467594141762,204.56714535850244,53.50551177966589,701.5055204189988,6,49.35
205,Pharmaceutical,45.17525647933773,167.76755768115768,33.962446716236,2902.7798035896044,423.95374426357,553.7798678544755,12.715961831022122,3657.2860349474986,10,32.74
206,Automotive,112.96118000188805,161.1404595823999,40.037388462377244,4046.6184135699327,499.76387640627036,220.67045347361636,23.074076976179054,3498.958421183013,8,33.53
207,Food,175.85970881651758,457.8145612344665,13.27292704083245,3824.7885559717793,861.8200235420713,710.6761943483705,68.18720635629597,659.6201535841168,14,61.61
208,Automotive,149.12272841781663,162.29578993227773,31.618830880742948,854.1095329994911,373.0041667568975,529.181367348469,63.6737849436835,4628.34754354784,1,58.74
209,Pharmaceutical,163.24661809367544,172.37737675788395,29.015553174043685,831.3224017332221,876.1672005715627,210.04271848986798,34.544988402000286,2928.666570352734,9,33.52
210,Pharmaceutical,135.16883967503628,391.72921808808366,41.808688462625284,1414.0544019500753,133.72770942785692,773.6366402368448,36.37674394419487,1945.8825014512843,13,53.56
211,Automotive,141.53254725839196,252.382929102743,45.398265963581764,1869.2661590710823,787.9585153481992,462.85582433472445,47.34881034875056,3831.385200777472,12,34.21
212,Pharmaceutical,171.34717379741068,399.51975062983155,1.5956818023919537,2101.4323489015646,855.1702514019995,151.0289163101585,10.016870327959419,1435.3542003278435,1,35.84
213,Automotive,57.43692168324533,79.41477090397336,34.02697603388084,3430.5163624833917,222.7267701954718,538.7830330905471,26.88710352266195,3528.847217822338,13,46.09
214,Apparel,102.9907430921967,269.40703715302294,3.539954156866722,377.7341176125935,458.82920575359043,277.23923490896715,24.576226602575012,390.61379634678667,3,56.33
215,Automotive,52.02979394572442,65.12612008247719,27.89407458879044,269.8962507077253,207.22478593047285,662.5854163141117,27.533806272483442,4229.158580524505,12,47.93
216,Automotive,197.65692151936292,78.19394155490954,15.094003723140233,2020.3617584251542,721.2739225445068,672.4754514963334,66.4134089773409,2351.2200657023286,9,60.83
217,Pharmaceutical,189.3712745404565,457.8968540049849,16.03205337658492,3516.1020914761043,558.580379658574,785.2631490982633,29.577169958251023,3256.12598891812,11,45.11
218,Pharmaceutical,17.49109416001612,112.66041700291782,18.294966669165472,1047.8331804867646,653.557179372905,451.3086717171526,23.40649254351037,1261.9415350720817,5,42.25
219,Electronics,144.0592827779808,289.5893070238477,31.443330003430894,3243.3719581556334,236.6626186084006,418.469815809416,45.29844225551221,3449.95382076055,9,56.07
220,Electronics,185.7971803089765,234.99302117031795,17.36844831776969,1373.1578759074673,251.15856894979854,627.4329238125364,70.59515254609124,3906.7533242877275,9,73.0
221,Apparel,44.30931557419337,206.3044968164792,36.90225347892374,4441.82193318623,89.42245923441105,192.7294594393486,26.89447926862499,2471.423297045114,6,51.06
222,Electronics,117.9095938049996,454.9250055592726,20.821841893119615,4488.880726906421,355.96415843594326,482.84085965518693,15.497536995495908,3165.0892354966127,11,42.41
223,Automotive,183.94277654172794,59.82052854897027,4.349306815187973,1556.7073009784997,581.7574282669912,482.37332009159564,34.94833150947653,2390.364434347513,1,53.5
224,Pharmaceutical,16.44973593130178,348.7053587790151,39.40423228172126,1226.9693944198784,865.0381682974623,162.63118596727105,62.33562771954845,4491.638572437659,10,40.47
225,Electronics,142.50985077689958,483.52749539609766,15.002157905042594,2115.389463124533,683.5810750857466,392.5888598548395,48.54833812863562,2589.772066468732,7,52.59
226,Electronics,66.49631140078465,302.0756825578289,22.20557710036387,1278.6047673827288,463.62650722976383,697.2993589970414,67.17553587020433,4240.681803338331,14,62.32
227,Apparel,185.63527712154078,471.5701079148913,34.58675027787317,3394.680832129348,955.4641086744309,699.3075353962622,77.17145033264637,4046.4898796971934,6,47.99
228,Apparel,194.50106658141988,73.5160456787107,17.290351700286887,4147.7169542865995,733.2829405470403,169.46636544377668,65.4863733726132,2170.423142472111,9,59.49
229,Automotive,189.41063293155244,238.45699358337262,3.7726971511890657,3398.151441464963,933.6569427194225,163.5046179234816,52.26621551906274,1304.4055609158802,7,54.01
230,Pharmaceutical,100.10070116491812,167.07100593292301,19.322131303627867,4139.317191521812,551.2085746085575,283.88683390135475,44.53391116366664,2149.194236286901,14,53.7
231,Apparel,173.78810368796954,378.8694342413284,47.27798055202087,2045.2615948166233,295.9590610534826,712.3362437877954,12.804836044378668,4165.843403721057,12,30.28
232,Electronics,170.46438572166338,491.583690723761,32.44498546762935,865.9531564734182,100.18535204648589,190.23180955144926,78.90253851698289,1292.6361719330832,11,80.88
233,Pharmaceutical,70.62908991621856,165.4385280999115,33.90247828469314,3715.9596422482014,739.780608909658,603.9977618392124,36.84367858025298,2717.2944601171966,12,37.23
234,Pharmaceutical,167.4939400886287,344.3785706633335,31.981825528244354,1866.325075193614,165.2378481052574,170.81593372917226,20.655974974180676,4069.264390211588,13,44.44
235,Electronics,17.031450595943596,139.14393474188307,10.750614809012403,3389.227043622749,337.6363718583688,536.1964976234777,56.66961987775197,1896.6918806162182,4,70.11
236,Apparel,123.29127691159007,304.39861455722445,21.498359341011728,1426.1553157106518,555.8473624897025,349.2471093834014,29.900180236682154,3282.6062576129475,7,43.11
237,Electronics,53.70167908466358,258.7696190097513,37.796050119802594,498.0252105526961,586.1957583907603,652.2397740761069,51.004478965173334,1379.0315554343097,2,50.04
238,Pharmaceutical,32.90770829768297,487.4023983341917,5.967271980104798,4963.650797890041,620.5540371377792,263.5833141777545,51.073753549121385,724.5413377671676,6,63.08
239,Food,24.62110830954974,323.83727271340996,14.614786028395901,865.3873888599364,207.9425638322156,547.4412805729719,41.20108746320084,4013.0442804457102,6,60.49
240,Food,142.29486741684656,207.27786743906844,14.539636314826828,4943.262870421057,410.7505345805663,264.97777420311945,68.52830308815298,675.0493923617928,2,74.78
241,Automotive,74.57624311593257,101.34310319957001,22.168927452130795,4888.671669575591,636.3345157611184,599.5621981785076,28.547694308881013,1502.630696382006,14,43.31
242,Electronics,147.70568659046467,118.06107293072056,49.03806830616707,3989.708709149394,971.3279214020955,711.5746241925242,41.40428141324139,4304.525225587712,4,23.34
243,Electronics,22.41770475179905,151.3926184780558,4.307624787507275,3331.172514201788,741.2495808147042,188.76125938873201,47.638449001368,1863.0525779776026,8,56.13
244,Automotive,69.90516418781596,162.9349976031341,26.416348724649158,2931.254546230315,926.47356923926,706.6169820168525,56.453730453710975,4870.617677667973,8,40.12
245,Automotive,112.50334555131407,432.777226028512,9.788869418598312,4343.8975723513895,774.1014553984681,515.5026780900085,64.87802953539126,4902.724806914527,13,55.49
246,Automotive,160.23740131940306,302.55025472713623,48.56315072507746,1518.253655935491,612.1311204477804,188.97734360691678,37.63650980147793,1487.7248981770722,8,38.05
247,Pharmaceutical,70.56297555709328,285.52591011846494,6.551871731645746,2391.6379411758976,232.42220067952732,399.2792987517984,55.223286086761725,396.69546679947416,8,77.22
248,Electronics,128.91936152303174,101.64599234114786,20.77644911571797,3135.0108498958593,683.3513692978873,212.60220543956854,20.54276671479634,3584.3037641858195,1,34.29
249,Pharmaceutical,178.33577216487555,437.0628620072457,37.156364256895706,2114.8333317605066,642.2105876619117,590.2435222065986,75.2853670379735,2364.73521271205,2,58.78
250,Automotive,127.01400575463786,375.26643644381767,35.52316697334482,2194.683625042313,622.3457119344031,631.2076940925648,36.81411644947025,683.6136510059662,12,44.16
251,Electronics,54.262300203190414,80.4507628550007,21.71370320780268,1718.3948707602135,515.2965745888287,174.05756419095928,61.06649953835069,3596.1095310946057,4,59.2
252,Pharmaceutical,14.636148495742223,368.52579375339593,17.979684229683194,2864.7359017542267,552.2237737898118,454.29789688625107,11.423875731752435,349.63956373722186,12,41.25
253,Pharmaceutical,175.31878604117668,294.59219780419073,20.483006549090657,4267.815187274068,367.7204007621989,670.237539218142,24.36310000333649,4376.944114362762,9,44.2
254,Automotive,14.041188061573557,86.77640558605022,13.949536894773324,1087.4890522309329,543.347058010188,755.3141290856976,44.09577810265046,865.5321397438579,3,58.44
255,Electronics,176.1933178099979,256.2352886878954,11.06131399663319,4678.721889891863,237.67811039455432,459.462506719239,71.47767274126426,811.09701798428,14,82.56
256,Automotive,110.49805546517028,268.1133292085211,24.66894518038561,3476.5295033663256,814.915677492358,765.1954565279849,46.9078604965474,1043.2270302492057,6,47.05
257,Electronics,188.42286271745027,124.59854307347409,14.15815404731276,4134.038742132148,226.48810696377242,474.9822793192209,75.09093376057153,4809.278520761919,7,75.47
258,Food,161.76881479699642,475.56416615012705,15.085621579965256,2825.334393887057,130.7179753949931,375.9333462199356,43.865782760795746,3527.212929218461,8,64.92
259,Apparel,199.60748100133412,432.4889171662979,33.181047110253296,3919.631836977911,464.4337250392995,693.7421899870268,44.33143677151649,4046.5833702254563,13,46.87
260,Apparel,76.63524493582493,351.06005179809875,48.45832925329472,179.38194696338934,675.3920675307587,445.08789732066236,18.38227519503723,2108.6479315172146,7,25.33
261,Apparel,155.7657748969141,258.0330024502732,30.57822282740938,4110.064081419723,465.8309836868643,430.3317573951661,66.18593709065539,1814.3010920237866,3,63.26
262,Automotive,86.36687358575601,235.29449371302883,4.771993886183347,296.68040951829596,312.9164253537432,443.2187425868798,27.287578872694375,1325.5232325592158,6,59.7
263,Food,101.17636785774268,342.9380602179294,4.703597078849282,4460.575544178027,580.2626246959187,692.7495013088218,72.97287425606206,2507.110535899563,5,72.18
264,Electronics,129.22603801149032,295.4443412331075,47.619737821432736,4960.617461469352,379.6522186415899,682.3590791816365,73.75769542312773,2848.777920964009,13,60.74
265,Pharmaceutical,175.99865169540436,78.02289764684852,15.567248725059347,1540.9305646662112,936.2243056203014,382.4639947081478,76.03170783119047,3232.519249533226,12,57.24
266,Electronics,196.97585914786606,280.62619194664927,5.511282318041296,1130.560925800389,926.5128826233935,333.3099019093675,46.4161342372163,1434.1688191937337,10,50.34
267,Pharmaceutical,155.97194863425847,412.88162775477775,30.353184770368696,3850.2804829043994,527.2532289734906,444.3496168273905,57.39656493485511,4753.539588334355,4,51.23
268,Electronics,89.37568861179342,256.65794491863113,31.55879013622304,1339.8290705092409,361.48979431734557,500.94075681597633,64.49611160431644,1014.840791394252,1,66.75
269,Food,90.05783043264333,73.38045989942079,32.77673618581572,4341.255677543797,750.2757932588071,266.8360474395979,19.171023305532593,4835.135238878779,14,24.3
270,Pharmaceutical,150.14063730188937,403.8251897228149,14.102699365019523,603.9287015716359,84.87729630891332,655.7685593009135,52.067003649824805,271.30938803601816,13,77.3
271,Automotive,55.36765769597744,140.61370196118847,1.7404235265092767,717.1804622588554,501.0305557414687,440.53793601269604,12.400853091231816,2509.403320720859,7,45.45
272,Electronics,30.990081494964986,166.37937569961747,48.28575310326912,4897.842619993016,369.5072245568169,333.83188389397174,44.82962583721081,1800.1656229595014,8,48.41
273,Electronics,77.37820995174754,124.11785904453315,13.293759238864022,3401.810601523023,924.5090908474269,174.77469507479344,20.838987713415918,2355.7923868652038,2,32.66
274,Pharmaceutical,64.57540841427553,198.5967791921739,34.12528811457483,4249.747399701869,61.40287590904842,267.19161228252483,22.80460481734593,2939.189979107787,7,50.03
275,Automotive,66.29854288663812,390.53817755988575,35.62486362405677,1689.2139490224383,575.1741319324316,764.4968202291886,35.55332966848211,2290.827958461003,6,41.69
276,Automotive,54.38547269948289,283.7236367767718,30.8903634368948,3414.7703726509617,753.6304020132947,313.56978077366864,40.27060167015521,2191.264881447656,5,40.79
277,Food,17.99770603090876,142.19657336782063,16.332462316468764,3011.7849538121263,510.76708814783916,218.2015025569247,53.622069717253105,3717.0723939838713,13,57.52
278,Automotive,13.396047599348623,445.0235351684184,14.283716434439222,3055.4355886024405,131.13287865458557,422.47095415849526,15.209989290696097,3492.2061204150305,4,50.97
279,Automotive,197.667254049846,445.81183472818816,30.285745852432452,3444.409051734836,973.8383205265071,314.96142035217406,45.258423286621124,4199.70215377207,2,32.9
280,Automotive,91.27689540981385,441.76029127070314,43.43868604697288,2919.259948332583,542.109909807293,124.61147518983591,22.78375911771708,1399.8031099495786,10,34.95
281,Apparel,83.02206296033953,157.4582951216927,47.38995271724638,2202.4056095830633,633.4769321030608,326.20165209559207,50.178262252221934,3125.736846819505,6,40.88
282,Food,139.13298371168327,253.05770488144464,6.189384415784124,1452.0212024646796,274.77929357213196,480.876036757628,54.618322858282845,3008.9349698856986,5,70.57
283,Electronics,51.46823869436219,493.2453452633938,8.586602017288273,3866.04852147469,509.32318085146363,486.1986604139768,48.96964795869977,1974.741492188906,2,61.82
284,Pharmaceutical,190.49262495054282,397.4056143394957,47.292076680370904,1208.7349070156124,457.69201736040577,349.5912448238221,61.68068573348154,2533.0762011328684,10,53.13
285,Electronics,159.4055527389549,62.22533955150192,37.090226188404834,3492.5361001566293,121.15104990188455,413.11192937682046,33.492647096863095,1706.154287867498,7,54.86
286,Food,26.98809043932931,79.34206606722142,44.26669741665888,1243.3308309817005,150.85233587009387,775.8625427643365,63.557461414319164,880.853108561529,6,67.78
287,Pharmaceutical,89.34034739913639,258.7691195655498,10.928999072631814,3164.117832776824,845.5988936378359,364.14393406121815,40.293695719573556,1226.2458111811177,12,47.95
288,Food,177.0324784368113,459.1490926377021,29.79170768436069,3760.6835089322417,277.8289545962607,280.75876928198807,43.89291488258178,706.4655027257652,11,60.28
289,Automotive,189.49908423536795,292.4158090787214,35.35584012645621,1171.6980556420422,235.210357923699,270.4269308467321,55.367148908275,3478.7339609125956,9,59.53
290,Pharmaceutical,98.80628713747525,274.0156286154306,34.32548238690166,393.7221742204106,529.6658786876324,420.4352288928939,11.285086879945677,3371.4914869239274,11,29.28
291,Automotive,126.54816395003446,97.46316498048375,20.999432852468207,741.771340671453,780.3097747943873,631.6641041018609,55.77959549941738,4762.91058358339,10,46.55
292,Electronics,41.73644975749429,345.5510471259323,1.7543496928741154,3069.3851396280247,108.84919265003853,244.19172893193124,53.300960435048076,3702.456385506758,5,75.28
293,Electronics,198.32203896602553,419.9464222701015,29.56337678340889,4262.287390506104,597.967523656343,596.5072889985377,31.689298172729593,449.82002602943095,9,45.18
294,Pharmaceutical,54.017623262854244,221.18900337840304,13.401975419800829,320.4844240535794,163.2499206985447,114.8048763445914,16.005599942964263,4444.37683485898,9,48.86
295,Pharmaceutical,189.11903708567388,399.02533291639736,23.062458061001628,3697.3411693040666,84.63799828433753,393.2530845887622,16.36548149391288,4340.840782139484,13,47.74
296,Food,133.43286330855,484.0144942553652,47.921469739107046,1772.4613651552554,100.10675455410652,643.1055456419508,74.625662288966,2327.9375397089534,1,70.49
297,Food,125.46999102698324,141.6949066074601,20.5527305644793,2444.7890126056604,842.4559027980192,337.113069042102,58.2495524858086,3012.1426425340233,5,49.61
298,Automotive,107.41081709313663,285.4983340376336,42.150278726556905,4651.411794243271,162.0738594466585,494.6159710117796,18.897182963951828,4885.1759958680905,9,37.96
299,Pharmaceutical,53.82726422637415,179.212081138059,10.238489681713306,1726.6603732056428,92.89379619167735,243.48546297813755,34.97062185162345,2755.060946471198,7,65.09
300,Electronics,43.54032608104657,406.7844885652277,33.950564403226416,2380.1509763034815,466.0048927857667,619.3967737883206,51.47380957311175,4545.544776205231,6,49.09
301,Food,51.89237972333332,309.9170146465209,48.87334076750823,167.0438323273374,851.7937983449235,136.59537228813173,68.49001935634541,598.5860374888948,6,47.94
302,Food,45.42326980740836,335.5620878976367,5.992761942773903,499.833728023708,299.2879576648368,696.7798514128502,13.056265009910597,1117.0489698016777,11,52.92
303,Electronics,158.12104997768313,409.06137182715236,1.4076771691324086,1367.0987965604418,450.62698664962056,238.7374704951677,26.56431920290062,2315.6237285183256,7,54.57
304,Food,76.52379924167872,228.18671269810469,22.2455568389981,236.47598002326458,87.92640593556366,712.0786221958315,72.2824293206766,3006.8326800190625,1,78.59
305,Automotive,20.99010854704531,461.79053078316946,5.538648669516992,3193.73909763643,476.6245884281321,346.7704689103621,10.641588512867154,4117.893688941442,4,40.57
306,Pharmaceutical,194.12949972675415,289.862990260763,37.670833134135336,2189.3519483279506,598.7324266052769,605.8785021321406,24.09793719557212,4943.658152687297,13,29.13
307,Electronics,177.91931814305087,121.07967027590661,45.81288452857939,2785.911493367308,592.3617010645376,323.4577084503319,77.13169231810761,2066.487183075759,1,58.34
308,Pharmaceutical,186.27293380709045,363.1546031759611,22.267027662729184,955.7712108920148,365.8053575656469,734.1381698642533,52.938129256551974,427.59505347240764,6,65.73
309,Food,199.03248630282272,406.9676076972145,13.676870465616608,1550.066944239419,349.75652162997875,188.64598786286206,28.316995664625452,4045.623215817559,14,50.1
310,Food,43.040097351702585,192.542754680387,22.28576263132388,3352.739926778353,151.292437989768,224.96385249081908,14.689376607709333,3101.027451597479,13,47.69
311,Electronics,85.28598359150516,435.73066564943883,36.448943074650046,4829.983345788959,398.45840461395494,445.1210876111616,11.97339383130555,1153.0057225673681,4,37.15
312,Automotive,154.06531038377736,457.7644646445949,1.443653917438178,347.0421906508251,144.51993542931643,157.3569073267023,27.132155574584907,2575.176591782817,1,63.5
313,Apparel,142.24391743022053,174.60701932001402,29.883245484750162,4462.883172190804,778.2661474764491,237.18612929123336,71.70400737122372,3763.089178561877,9,53.02
314,Electronics,39.24022220457246,492.58466272184995,31.051292559481574,2926.7178864249213,967.9605828607765,760.6364675484101,39.113955800825664,3897.9765779294903,12,30.3
315,Apparel,165.00829374821737,113.32018762194129,32.24672409790084,2863.2058771025563,971.5707338333715,783.542762803521,60.42333584161951,2598.168377594058,4,42.97
316,Apparel,52.64370864896553,140.9070507811205,12.859081919062984,2551.3648225180254,871.8175444066242,363.38153053129537,74.27995247659705,1665.0297446185239,12,62.51
317,Automotive,52.52534681629839,132.90117765711176,35.988583445528214,440.0310209304986,620.7525418726382,746.300214709755,38.56283231219716,4873.964393784769,6,36.52
318,Apparel,112.02514034974858,452.2953695035417,5.478182830257044,540.3965735071872,715.8224123816859,481.3772729714022,23.389415972617794,3384.1405325911655,13,41.26
319,Apparel,122.6585876199236,344.43164854623285,10.76424648687324,3044.4688277295218,320.9455125463934,288.8197261116369,46.19825515998436,2159.540092862234,7,64.85
320,Automotive,120.21637948918412,118.4469274500228,43.996032286069614,1770.6970000342358,649.2318991639896,591.6791047564191,73.5658580941898,1546.2234761823315,8,56.62
321,Apparel,27.382499105573427,248.14553826575704,37.19743438560175,4594.613526230635,482.8670719678836,561.2312646024,66.30620898963905,3709.294318417098,12,56.37
322,Apparel,176.71756389977227,326.8841112814109,1.6735321465559174,2092.293633061414,507.91647278808585,792.3877233761134,14.608089035420765,1362.480538850085,13,48.67
323,Apparel,60.464008091854154,87.55883824522249,13.17043675812021,802.0791476429413,769.8877323564001,285.5331011864983,58.480096005430724,1024.207947073703,11,58.83
324,Electronics,34.60783504373279,447.0873657833024,11.505917666665063,3602.1222841599765,317.8224378173891,570.4416518632148,50.032826572126766,2743.2026670179375,9,65.39
325,Electronics,178.86213517510566,411.6215909486908,14.269510073811656,1537.4317650609482,352.1376311097939,136.41662852061282,73.52242234424978,1591.939484691881,9,77.31
326,Electronics,191.57378466365313,277.3430481094872,13.130428743714434,2674.8045060438767,928.4097015722048,179.55222708770359,18.57369917952081,3218.7446956333524,8,29.74
327,Automotive,173.80424728043562,485.2069768666267,4.063788491399441,3519.3806489753333,103.41308010842363,102.74286246576528,47.38252792432596,766.1056393963207,10,77.43
328,Food,163.80805419772685,237.99244067379487,23.488085313244195,4511.294144890145,511.3525834926734,799.6224767417712,71.56238854583246,3343.7173019231436,11,64.36
329,Apparel,134.49597632141413,492.849643566424,36.90394026452209,3981.736854528213,917.1607603874686,661.5915880032344,38.70166507192201,1559.8233343889706,12,33.95
330,Apparel,114.66290041573647,350.5639994616322,30.729854511154386,3414.169232576348,629.8448574272492,650.7061103134786,43.739644241300695,201.1660852856611,12,50.28
331,Automotive,26.527484383167927,335.60207296427365,33.97071176130591,3430.2025937362037,569.0867205015255,456.8082527017258,14.932247436687081,809.2930768360466,14,35.19
332,Apparel,87.60611048343276,124.67970288310325,4.976309748275718,4735.030755757224,287.2569702678875,310.046958033808,29.47005483142376,4681.353813608452,3,54.76
333,Electronics,80.81081823233966,446.8674912370898,47.623044798662576,1549.5380777330265,376.11171461122586,205.88499912387314,32.71546544182631,4363.302267753717,12,37.3
334,Food,59.353218914461976,242.3703595642768,42.086099858308216,105.4492615613183,859.4459950144583,299.27231719252455,76.15857141214208,1321.3233537739368,2,52.82
335,Pharmaceutical,147.44982160083114,123.0050326021157,40.44942560628747,1432.5773410511736,581.2572251800352,363.17985535039736,29.786715237881133,3936.185141818358,5,33.4
336,Apparel,104.21638966496646,55.67338398909157,41.32620644704661,1167.6677601710455,539.005084068941,629.4170678862058,42.26081146887564,3121.1436472350765,1,42.19
337,Electronics,25.398781022453107,301.89005763727215,46.70281489850531,3342.989467058591,144.6007278630275,477.7632522322067,56.991309649499584,4860.342614959373,3,55.76
338,Pharmaceutical,51.83480837046415,287.32982995520433,27.668444339571188,3205.1868388510925,65.22674863236696,154.23853858883788,21.35283606855142,1993.3071657634837,1,53.67
339,Food,139.81916509532323,373.70913006612136,10.813818875513668,3007.9607752531465,965.5009292526967,112.62030627123858,44.05096709993121,3471.010940082422,13,41.79
340,Pharmaceutical,24.464863303157035,450.61612385801095,31.222396784774517,179.59287172632315,408.1368589224996,171.6325256738442,61.69773276331353,504.9714676348092,3,65.11
341,Electronics,171.72931366926605,85.73296308936328,37.40119318972901,3671.0124668081726,623.0524089945291,387.34909958816553,70.67986491189461,2101.9872647187485,13,57.48
342,Pharmaceutical,104.07784013265513,379.1734206531631,37.157952274347245,1685.2990211789086,125.72931952792074,753.2350419343128,53.83814922636987,4826.324773703266,4,58.63
343,Automotive,101.31144969206312,134.335374843912,26.551002184177126,3358.7743461324926,698.9585714368942,546.1817368464551,56.83374607218635,2787.1081973605787,7,51.25
344,Pharmaceutical,122.55747908530834,436.1796739207238,4.354477247345325,2827.234299660551,935.9383732706629,661.2781299128605,18.839843080919827,1581.821616007254,12,36.44
345,Apparel,166.68938352577834,418.57858123774525,19.184533983076264,1779.381534596745,596.8819903475487,426.462216153184,76.2043548072443,777.3006230173129,12,70.97
346,Apparel,76.08374950141668,293.357189743495,46.11756381470451,759.423708810128,169.80955625664004,353.16625823653,19.280185423913764,3576.936032871346,5,38.94
347,Automotive,138.82306898622207,369.6092593804902,29.637996578113874,562.6525985363567,602.6354510998029,175.8802609016359,64.22710560272589,3295.309008462689,5,55.59
348,Electronics,117.4890731592003,191.4575509326868,27.378265219529958,4174.4398322498955,778.0298524494198,713.1531155303435,28.537142524482316,1994.905825298118,13,35.99
349,Apparel,60.73537133219005,262.0255545197666,14.173822204727482,4600.147956199634,436.0957097453177,648.212020319532,75.3515200590876,4764.518488956004,1,69.39
350,Food,176.93969740748003,419.73660396971223,19.053997075912367,3283.961429145068,885.8458605443944,217.6826683184076,60.39716775586357,306.57350234168155,8,55.39
351,Apparel,161.51094410531633,256.6693387279463,44.8719583685053,606.8271628163685,666.2488056894963,458.58239471338237,62.76695990848583,1657.8744878327639,13,50.13
352,Apparel,135.10584858510083,211.0092193964488,33.65668932881495,2069.9333627523793,904.2864723747424,441.1623655448714,25.334142114191835,4621.133534237991,4,22.83
353,Electronics,171.61052852790596,272.39560126263495,39.58196431086431,3671.8020805152705,642.3300456849704,537.56408688057,41.01279836446126,1740.4901039333138,10,41.92
354,Pharmaceutical,174.78589818236244,422.71216359674827,23.2629257303151,3921.122331649334,174.72357340458302,762.3308257938828,53.24692362125005,1410.813602504818,5,69.25
355,Apparel,144.5889655758566,200.84362131689272,31.88211375335174,679.2712492263341,344.2071255499297,505.84000923373577,63.89815327446207,2764.257967669987,2,63.34
356,Automotive,169.0325323890977,128.1927169110847,13.170796828417169,100.15052234237383,241.70520083983408,478.152086745033,17.27715631386727,4154.248399618582,12,47.81
357,Pharmaceutical,142.51957771716388,370.40630914885134,35.567580683890824,3589.4715248149646,913.3851728310192,135.22605305426475,77.36557215181699,695.104452216133,13,55.66
358,Food,139.22674663445707,421.6901957186368,21.952465351463527,1847.3212623324075,772.3800639231085,144.03523321261676,72.31544693881892,4726.499406299534,1,54.75
359,Electronics,127.53616186088502,95.28686533559,22.684730225922532,1346.9585249294753,692.5784504645057,231.14275392875223,28.924401334690906,4016.3498296695875,9,36.58
360,Food,153.01616151595184,157.9433507401751,32.8167939042672,163.19760196867466,335.9180036500406,122.7295401842238,67.59321701226324,1070.0012266474494,2,68.45
361,Pharmaceutical,40.134970005684,113.88739539244725,46.877750451977406,2747.4670931313485,224.84253344770283,620.3470268990087,46.28267461278764,3617.638213751181,6,50.41
362,Pharmaceutical,177.3654442477964,206.573635211975,4.136310983822425,4270.63860358731,768.6285335894662,606.3312127957743,42.32645370934131,2047.8018686602743,1,52.35
363,Pharmaceutical,175.65027027159408,252.65794050743568,41.41241863000337,4792.39506673568,500.45004858512567,195.23936410215006,32.01038740679838,2131.0144547663294,1,40.16
364,Food,15.556983776566238,386.9718516334879,15.326772410197462,2872.1502580051174,264.50007454309764,685.2552305566967,50.667801064211474,3959.7924437065585,9,63.35
365,Pharmaceutical,166.9051826073049,343.0164131967534,22.752053270812514,2620.8605059254814,635.7908792570113,208.3502243922784,61.09223823925184,4821.367078307514,4,52.73
366,Food,34.48527481995458,329.41785536529403,2.073753109975439,516.7762888972813,88.31715953152937,310.8229108981511,38.76530334739308,807.9481896665309,9,74.29
367,Pharmaceutical,73.67258230923696,208.5687259743445,15.751257813881338,2789.4767275587387,359.86174142184086,274.28382941295547,54.045343510580445,2219.025137018333,11,65.49
368,Automotive,151.26656869540548,428.65139888814196,25.628930888876393,1961.8974869304336,495.1291448615779,360.61496900113343,58.951904480871264,2508.519718804657,5,59.35
369,Pharmaceutical,40.54438024917856,262.07922532917405,3.7526277900245115,3074.962876329527,190.56041740393556,278.26463612297334,59.77852719107001,2006.2967213839886,7,78.66
370,Food,165.41373458262183,490.5972221068195,25.063690739775094,2004.7591045950787,985.4217537112976,442.2656485069164,13.637626869182618,1943.3077938378801,1,23.34
371,Apparel,168.10549381197097,335.36396223308157,46.42842081406294,1277.465704906797,248.64249636013355,385.18551694827977,70.18234639795469,450.8896042956634,6,68.16
372,Pharmaceutical,106.41886941455888,106.81913370402623,6.1642676872824556,565.3298486190449,173.83547354110226,790.5986435455286,42.07773203355335,3490.5853787005917,8,66.38
373,Apparel,11.21331562619838,354.2799029339453,38.457595675699714,1643.100378485589,243.35813019255158,139.14844508975796,28.36912571873501,2293.8292021762177,14,46.91
374,Automotive,64.53724530323342,196.29680694426455,21.073881615423637,573.5596880099862,780.6080765017381,199.52696347114613,26.923515523577713,1135.0102526908486,1,39.34
375,Electronics,127.21611449139102,358.8472385087438,33.103512011692565,966.7950590375212,454.23037630825064,136.97812573602175,43.81098789907653,4116.960811049928,9,46.8
376,Automotive,196.42537382521047,81.33851667308258,13.75159330127624,4937.947177039775,587.1451427649112,538.088836487663,72.07820776282715,4052.291591127814,3,64.82
377,Pharmaceutical,130.04457013316699,128.69664672918174,8.815120864526556,2276.107428842431,69.95869913704271,138.1564941896037,36.484330717785284,2534.6798148266903,1,67.55
378,Apparel,59.362680402190364,435.08176650760385,8.862668099290095,2706.171655874581,82.70974314464883,685.5078161632863,62.48080227484803,1632.5631735092506,1,81.95
379,Apparel,130.46108358892616,152.2308006605817,4.454105336514088,4380.730790812355,473.5342723356654,458.35704147734947,16.777311169105303,3262.8450838229714,13,45.88
380,Food,112.59722214601254,426.66850635932303,10.096688540160908,4978.2876124043705,825.8224810415423,468.9053372070736,43.32396915057432,1583.1302517315346,14,49.68
381,Apparel,158.17062507871728,175.6742398044847,33.54674986445944,2955.3008017889397,890.976934772187,493.11615539853597,79.4180298274915,1332.8380655538178,11,56.9
382,Food,30.3263213771221,339.2968595264184,44.202839980331895,4081.121723116441,132.37123921585822,219.5695944143475,63.93064619546359,3706.470339326368,6,62.9
383,Electronics,154.59530147538533,362.36775807942394,40.89215859396693,1702.0110192497089,561.4449469959716,238.38321218014127,24.73699419084291,393.5611506605634,11,38.38
384,Pharmaceutical,112.84064994846095,280.6946389152738,34.57158118384972,1598.1453914917265,917.5682019653069,323.1721260111033,45.10090315885375,654.888660966051,6,39.88
385,Food,192.968480733209,187.38980451352907,6.411161307144031,2073.248232873345,418.57411667799204,515.447491075296,26.35373345539966,232.58323531323094,1,57.59
386,Electronics,74.95571154735036,145.68996936699324,15.170184868501542,3395.2855871008805,838.0875398569501,247.08244315815017,38.66926490837565,934.1272950820455,14,46.26
387,Apparel,130.19815969545016,64.9352095530918,16.18053689080098,3442.739277349984,177.0108716794644,181.43220899328287,64.60588166144754,531.1520418102054,14,79.46
388,Apparel,187.08534004690333,186.77588055832572,13.24789037348344,1644.673229782309,938.6247651844087,779.0818204929026,63.985737070328256,4979.851365343609,3,48.58
389,Electronics,29.47684831822906,343.9232557390774,26.235277325776433,752.7286282694806,763.8521516547376,115.38727036673603,25.96702645316696,1586.28785577963,7,36.4
390,Apparel,188.07341257492573,472.2371683018172,27.242136929103957,3198.741656680992,944.2676731475566,661.8881837352152,74.5556322708402,916.4864608123869,10,56.22
391,Electronics,140.69828723715455,442.04201701837343,18.4874127833844,728.7967247249461,692.7863718748812,651.6246047025154,51.479772793537876,1356.7820383804062,3,54.85
392,Food,22.88904122998266,394.72914944088615,18.335668778085363,2934.613290323717,395.23373539945567,308.0498796915672,36.59470036734102,4693.402743392647,3,49.72
393,Food,67.1830777198951,404.8013044639844,41.59922429739799,3497.768427475914,941.2721138984863,194.93863120511938,45.135490654660245,2696.7690705170994,3,32.3
394,Electronics,144.5526968426035,349.24320656419786,39.6753495676646,3532.996332332813,311.7884374937195,201.9400526937964,52.35498774064206,1951.1268622777131,12,57.05
395,Food,22.796614279066624,167.12908590470136,16.081995752356537,3792.013342232024,365.5638959586459,588.2021320660347,49.19233722920498,4392.278997964253,7,58.41
396,Food,120.61238743349192,458.23776381762343,45.775633749789705,4377.011165671756,715.7679971016534,549.9646137603215,44.048352487532476,2095.953298635356,4,38.05
397,Food,75.71778082106178,351.8295403576253,47.68793583312279,2549.7990606274634,777.050484549117,647.9219719759707,45.345296286258005,1808.04113579694,4,36.67
398,Automotive,127.97394837582065,302.198283941198,17.010384559472,3678.221028694899,932.9333096566961,756.2368206793733,22.348833729952034,1194.9561082387308,3,33.99
399,Pharmaceutical,18.690986424377442,99.94526114606649,18.36682249085969,3133.9464032926,244.56228860339903,584.3491542866144,66.89130330132755,2013.424754765175,10,74.74
400,Apparel,175.5919931689515,251.17499471289145,25.776073517675982,1014.5357050086445,808.0981334582627,209.09607558601041,47.92322239587108,1720.084908881245,11,45.97
401,Automotive,194.9629041437054,257.16122204086685,47.11491981415,225.87925986010003,751.6187507271153,270.40983173578746,19.175590319329217,3451.0590046310767,9,21.29
402,Food,194.0867925042814,439.05362428520147,43.93965222397326,1494.2527898169756,110.60482844091797,689.5356116111802,63.63099711079445,1589.9969824194902,2,67.74
403,Electronics,152.4338480311557,295.99169908450483,6.025830166595901,2270.865161054335,417.8619841496966,246.514253083946,75.27107848641455,2970.558782828295,4,76.75
404,Food,34.71638562482008,221.18024703668434,20.243806420299393,3123.8191277004157,318.62718420709365,150.76562186813698,76.31148294658735,516.282392153469,8,79.47
405,Pharmaceutical,154.0700072265143,489.5601478297967,28.115188297738822,4264.800719465707,339.26590313632886,592.2960378295753,35.831241268782094,1118.1879521432688,6,54.26
406,Food,14.671514127172287,99.82426699684206,25.653491155025463,1061.6040118602116,983.7995355769658,381.7684488430994,19.486181149252783,2155.545303734474,14,25.66
407,Electronics,14.203474790509478,240.14679274037508,10.49929032890774,715.1939705025378,660.6385428059315,744.0280367821325,46.28797386431456,4697.3564187617385,7,49.73
408,Pharmaceutical,71.48594163841284,68.91110382713238,43.08202178723958,4821.051742624205,731.7923499038246,555.178549765563,17.88264605444545,2010.809531435338,13,25.73
409,Food,102.84220617688649,382.95685434511864,34.17009836684503,629.4183409443948,977.7867554492587,163.29328445416252,75.3791192958832,3387.555781759204,7,47.91
410,Pharmaceutical,156.3774093834807,463.1344484896178,42.057510367738374,2444.606243525227,408.34169333475677,763.4995970775625,22.85057391486022,1424.4186676227112,2,39.5
411,Apparel,139.826121555236,176.01679829772024,43.079449688124136,2969.262271087179,811.7481600301656,280.99008454817215,27.693610196581485,809.7611646715122,4,30.64
412,Apparel,94.72151421158219,436.2537545596044,37.66943682962125,2752.7346624464476,462.8044151392706,336.0487432844,38.46455688194793,480.9756803842406,10,49.32
413,Food,61.98906659351652,181.498203707854,22.52131946123615,521.5575694614217,876.0569882242307,381.58228957847945,36.8215127991388,1665.9847930052065,10,39.79
414,Pharmaceutical,199.45365502996512,459.8465727397618,30.916790995755804,379.4318786177349,221.62466424573802,135.8570074830193,65.62640246785223,956.7729286251582,6,71.88
415,Electronics,90.97444742483486,389.2828566185528,8.857904899867414,616.8687945590748,950.3018682110657,447.5607955614234,41.94217743856736,1035.2501504773961,3,46.85
416,Food,95.76353462263835,412.2080495786474,34.00862545627048,2969.3796509758013,257.8331229903357,186.3229437527046,21.953778200233582,3851.64468025736,9,41.94
417,Apparel,41.08852602641714,58.102950020204524,9.783409531224757,2767.2899494081735,359.90948163188494,380.6792286818462,28.704692684025186,276.0227405353962,13,59.09
418,Apparel,161.0138142624866,483.26466068331166,35.00352993499769,1245.3298809800467,768.3826224014415,345.49685159445903,45.63793696312654,2877.488603530085,4,40.01
419,Food,141.79962289848285,377.0019464316455,12.250309876944465,3225.0932950433985,424.06738448713634,640.9880583985523,20.321774219829443,2021.414626848631,10,48.5
420,Pharmaceutical,51.946226429864474,187.13799292375998,6.760013707360779,4118.330760072682,627.8008079281243,662.2193581429118,52.815897295220985,2631.4399995610265,13,59.61
421,Apparel,25.65239866701011,423.22759918648114,9.098940017004914,303.73690324830943,472.3448260159571,207.3890176723616,49.60231145858021,2901.5851386300938,2,61.19
422,Pharmaceutical,139.29486739419548,176.68453928671846,1.097614625734443,2540.836723385408,755.2514402352928,356.58583116545833,60.02916214675804,1704.1649333949354,6,63.51
423,Apparel,134.3571307134157,442.7392278047576,36.21824127482298,3477.6210193031825,266.9146897501803,361.34721272228217,75.63932307655574,1616.5225288845693,1,72.09
424,Apparel,61.91931012965977,100.66117568537166,36.88765140386057,1336.3284426414666,105.53508787503316,205.98731075525953,73.85781927708089,3720.328876807547,6,71.57
425,Automotive,190.66407682757796,366.65868985735807,26.231734145749712,1608.0774359364307,334.93292759941295,658.9174535358334,76.22529326481819,4382.129542981555,13,68.81
426,Apparel,38.70099943837104,293.31431449020965,8.906777251713802,3106.8257246479807,500.59323162500874,595.0598298347963,27.130091791659066,1124.391835800934,12,52.74
427,Electronics,92.14361219809436,93.44051158794836,5.094162538023798,4499.882937874311,209.61904958304464,233.2672504079243,19.209571464754823,668.570050568715,10,59.94
428,Food,189.28702483184378,158.85222271647754,1.9373193554270633,4068.629659484207,387.05742517356924,356.7053360156593,31.159369034751396,4509.419870681724,1,54.17
429,Food,89.74819021596323,55.58181632479165,9.121660671295814,2957.338073587959,429.9838673788901,174.06351739955994,72.65596209364202,1879.4982255075136,14,76.02
430,Pharmaceutical,131.31993005617625,260.9455844590276,44.65192121417419,3678.086417010521,104.52225150385988,539.7446179651308,78.04374322364417,2846.323475181508,8,72.33
431,Apparel,85.54293561293092,185.56936734200016,12.835305243382408,1887.6301040182136,604.1418857749943,184.96034718403376,70.15274657493333,1925.8070936960166,5,67.97
432,Electronics,62.1008884462473,319.26086793399145,18.359295033643566,3240.731087683913,890.1262565727232,790.1539180374424,17.701240478928053,803.8512144610463,6,33.2
433,Pharmaceutical,196.95575311236738,183.75701346887774,6.161928739585326,2384.289796525029,194.1557673053998,646.4774522815036,76.31995986418552,3028.7918957490947,2,83.81
434,Automotive,87.77346119985818,184.9636001781431,11.895703932660345,1030.6870686420484,617.9176127314383,373.1669847087965,39.63506191455502,2720.6760884942223,2,51.08
435,Pharmaceutical,179.87884869903553,384.4369394292215,26.44200396823005,3538.5175419985603,681.5022446653039,504.9947525955481,10.651720353364757,1174.3690841177468,12,31.96
436,Pharmaceutical,53.69137511930637,71.66427619025905,30.779881471686977,2826.6767230092278,448.3679463983239,737.9392713514861,40.96756185237355,2368.971414330934,9,49.98
437,Apparel,50.489893764765824,456.30274783639425,13.022263394144343,1857.2457515725978,716.0427079960565,487.86949627707827,13.224841877282731,4025.3480192751,3,31.87
438,Automotive,15.915475748057158,433.51874347603166,3.828875802030743,4565.5620313852905,440.19496631646143,222.14894047856862,48.07145448127823,3034.0452949178784,6,63.23
439,Pharmaceutical,133.81669682141816,350.5121074518829,20.160610587242534,202.577177350993,529.4054235785632,365.09234890681154,33.69878192059359,665.2031699215753,10,51.57
440,Electronics,80.02000530751462,316.9497065483229,12.475965175390373,1647.2884411225305,56.98539232670563,690.2014055208218,43.140445351583416,2830.5031866998484,5,69.21
441,Electronics,174.22806746953103,451.5361241628435,11.758142238260294,378.7188491104681,707.1341084279544,550.9491111927325,52.92192525201819,3573.143836590017,14,53.4
442,Food,99.90988227139586,133.3985807879215,48.03327733295931,3855.983849485973,678.2755449974882,555.5070690336602,70.81607670724742,4004.9763477476067,12,47.84
443,Automotive,193.95675130379712,85.53612298587288,31.19872381036048,3540.3265251575835,86.48083346002733,706.7750399819424,56.333110353035,3219.7643774444805,4,66.65
444,Automotive,45.24984798359302,157.77957645929214,28.2870437154327,1723.6258718079534,399.83760202537644,725.7811402237533,40.38342079347265,932.7591897957619,10,55.02
445,Food,175.03840191156604,407.5602254150856,21.372980072642775,3410.748220814658,980.080248752084,743.8548002456054,67.35994975692556,3608.8316796327713,2,48.51
446,Pharmaceutical,157.55340203043093,65.60162002691749,22.018272338077068,2040.0924083601542,449.699734440186,166.39443527720925,73.39074963011925,3451.240861191279,8,67.49
447,Automotive,156.47515048236988,312.26307578757036,27.50434518806596,3805.643577969928,526.8481348752496,480.88820137417065,18.383197650253805,317.24903811503947,10,41.75
448,Electronics,170.50881334220867,497.9468822860895,35.125060544769255,2325.49994740986,914.4336502517326,618.356664852823,47.235308428695404,2176.388804433167,7,37.78
449,Electronics,154.59455827916977,435.0632422268927,35.40515871290964,2120.170666375161,731.3987820724686,629.8487915889096,29.91583718197109,1798.1611854193918,11,35.26
450,Apparel,128.98186110996892,284.65056006961527,9.413001477567029,4680.176585892675,602.9666245680124,524.7013413790028,13.294283851386318,3413.177908417488,2,37.97
451,Automotive,34.93652675965364,78.63840917898905,25.50552485175472,1329.3075894644312,807.9144472740189,216.75113462857192,56.79826865797897,1237.4518990924194,6,51.48
452,Pharmaceutical,16.179974103337862,424.1180814735694,21.185946656670996,690.1919659831706,871.1479531331746,658.194387759165,70.39395442214578,3036.185230276441,14,54.52
453,Food,184.9610910849805,319.54032867974473,43.655821347199826,2964.261254971345,484.0436681504035,604.077933460462,21.403185813417583,4583.388616708027,8,29.55
454,Food,127.16355975894022,101.71984867680507,31.939527139700445,4849.676880192476,501.35294668524364,160.2950400843254,66.86895603367304,4029.451386601317,7,57.56
455,Pharmaceutical,161.3420852854735,92.23577817051029,27.09269925438311,1951.4121472632146,416.748388869244,424.6668772720634,69.73770134758593,4622.997133839346,1,62.28
456,Apparel,101.48924678738452,459.3320687464666,6.654337466766951,403.98014178102943,968.3708330175375,221.7841796652625,74.00383098665385,4896.828641276912,5,55.5
457,Food,32.28855590285495,351.1401183221353,30.676256576847162,1762.5958098168805,712.3079415758328,336.2339319990803,28.569956236023668,251.21660962958128,2,40.14
458,Automotive,33.78530051848458,423.17905969253997,6.742991378331437,2579.0651061658364,129.06191289766866,112.6567645439798,73.27671456329224,3189.1581266118924,6,83.69
459,Apparel,140.25740457350457,445.5405051270203,17.52312220272185,893.4227324978472,869.8116421473675,380.23090788753075,32.446392831550256,2181.629109242751,7,38.76
460,Automotive,91.75812003089791,307.297558421745,7.999256275902262,3324.700868476811,506.53194379445466,484.9138448093473,48.6636609418852,4327.301553608584,14,57.28
461,Electronics,48.099698073063976,282.85085828976855,34.91160870419408,4988.972006149983,115.3162111013631,533.7078149789608,13.53552295825975,1408.710569643832,14,46.53
462,Apparel,103.402963880873,243.6923346444456,11.106353577971477,2313.523432309075,572.2313924051455,564.443241590097,13.071676185812052,4908.941547752365,7,35.11
463,Food,22.19969804427548,192.62596450600367,20.201109286213274,1838.1699279780419,446.306065026917,685.403919171722,60.426124891254204,3145.798253809987,3,62.45
464,Apparel,120.57456636373577,245.5681823864203,44.888064103320154,2063.4504174888866,883.8619346194936,250.82403509301102,41.113598458445374,4008.9795306983888,7,28.07
465,Apparel,61.10874684266856,398.24584507857037,11.011502786549544,664.2162741364856,243.794873428918,184.33727570692756,27.94046627584523,610.8778535492879,5,61.03
466,Apparel,161.53622912106576,320.86554395680923,25.882448133980176,4428.0406469884965,835.1413790175737,696.076020328548,23.328944721743714,1080.5978468425521,8,34.1
467,Apparel,68.96877219547902,451.6354804796807,21.54431139713508,2132.6457120546247,579.8042566261801,209.6289704248549,56.89674436014526,3840.3376305641755,12,54.76
468,Automotive,96.49182832554223,249.5210064706345,1.888078011240757,1997.6446159817224,101.87978805279559,782.3320569353367,10.02810808177379,305.5353057887533,8,60.59
469,Electronics,12.20790258253912,323.1903104234393,39.845147565067826,3332.4823373593244,973.2530362592104,689.7767605790459,66.4123818437798,4121.014332290158,7,39.83
470,Pharmaceutical,23.764908680966187,334.08839889139495,4.383249409415386,2265.963762562505,536.9844818980399,450.6136241227194,15.547472429095016,266.95528972117495,6,49.38
471,Apparel,84.57377571727011,316.2637230378465,24.238496027870728,3276.3439971584457,326.33301152000337,786.9949974454177,23.40427304356836,3354.170427494112,2,45.51
472,Food,101.18837859625347,366.1851978884824,28.473236452008546,401.0868216408588,495.9364998897952,168.16371037560293,37.03654767093627,1952.4508171126681,6,48.35
473,Apparel,124.00390414266771,156.84506076866282,31.792896374114765,4087.2443842389143,864.9648943416146,312.14603282257116,43.94011178012725,3135.1752930521557,13,37.03
474,Food,65.41588995476761,280.5636998956058,34.742949836085906,4708.469369109072,339.6579681658103,546.7570905284281,34.84965810697592,3540.9507535477455,12,46.26
475,Automotive,142.04655836404308,96.90116126375645,13.410346792613039,3278.950392180991,233.0425766623653,345.0048079312251,32.44985154890057,1843.8810520942602,11,60.18
476,Food,173.42325546594887,223.03009744016566,1.4889600562640193,4777.373051408173,172.61768458433738,749.8607863865543,77.4741208451232,718.2197509320107,9,91.53
477,Pharmaceutical,158.17168788973646,269.45018087956896,36.44873945539069,842.0183404128202,332.9664284707007,145.93826172447228,54.9105776870376,534.3001651916751,2,61.82
478,Electronics,17.527576816187857,343.5009167954626,27.24717336803135,2439.3393284537333,791.0456826880413,484.58828244267517,11.640306875717174,3026.8929083002295,1,25.14
479,Food,101.2963199789875,477.73897366379157,41.96976745715519,3048.8529963326914,498.0450469354986,513.6063871765801,40.11231359110192,2699.1456979237355,11,42.93
480,Food,29.936733899453223,320.29297994676017,41.24802978213402,2950.5095723638146,266.107523508863,556.9096866440568,71.25060898207792,3762.564843781436,13,63.62
481,Electronics,55.98855301388022,384.6172622794519,42.322982221606274,2067.162717536312,207.87574962926175,278.9663563322701,31.10193304874676,2646.730448018898,5,47.09
482,Pharmaceutical,197.46589272075784,277.81972677284125,24.769638338997467,1756.6136058946809,366.09300268486015,355.19649926390514,16.618944134207176,2227.7397921482197,11,42.96
483,Apparel,37.07415315128752,335.34681411934906,17.347791396006418,721.4377104970521,942.9281542414234,690.5763707654844,63.08693401129425,2110.818455533908,6,52.09
484,Food,104.78874915575766,81.91949726019804,39.78635192697713,2019.538007755163,375.87537696052317,236.45993827911187,52.42096823552569,326.9451324688038,3,58.37
485,Electronics,127.44958952044263,164.47621137883112,23.113411538433493,897.0379940168772,988.7178721569036,678.8074930213535,49.92187554785527,1810.6745681439543,8,42.43
486,Automotive,143.46834440337975,212.83389194231242,9.988667623768292,3698.39181481187,510.96893297708834,493.85879603191967,13.750359172518554,4884.896756117572,7,37.78
487,Electronics,116.33324986251368,262.62200975293115,42.89372695851224,1123.2715839234909,220.20572237564335,633.5312578358574,19.834930685686214,4393.0667658900265,2,37.37
488,Automotive,11.856461009644896,70.54193547607268,44.245433961845016,386.96999589421586,896.5830872038339,599.5251563844301,53.57845773491796,1781.0147217642448,12,38.63
489,Pharmaceutical,72.02764856635847,113.01084389899296,23.849178050868336,2806.5940753044483,487.33760447808555,245.2580467694153,24.547668902118506,3021.4179443185863,7,42.07
490,Apparel,108.36521224309517,174.5664385060876,4.709286638179586,3016.625690325068,724.1877763292982,498.168915503711,45.284905582389705,4267.0243785703715,1,50.5
491,Electronics,26.694634837518336,487.1897109054728,20.00347840592963,4372.374000274477,984.5260040486942,707.4062069635646,48.141718022057546,2318.1168164003298,9,41.9
492,Food,76.61911692974435,199.10615319637284,40.37334531366756,2927.209900846641,97.6665828039753,402.48136576135056,29.845503318965758,286.1977460007246,13,55.27
493,Pharmaceutical,16.30859067035965,266.91847615043713,45.18692739876521,1792.856183244884,141.8598317981888,776.6135391563217,76.3897608879045,557.6502167294723,7,74.75
494,Electronics,24.92991445945394,138.2439707322768,10.970164382382196,4034.7582194789707,734.4339043896184,416.5505700712026,68.97248747849025,2649.8850624737915,6,62.77
495,Food,85.41542247830326,324.8510319840957,4.281706989238304,2747.366576618363,317.7337531306984,199.94994566751927,60.5661455342959,4853.309003244216,13,69.33
496,Electronics,35.215993268181464,176.30744698218842,43.9901722035091,488.4733946928395,225.0863271025941,372.60427605437127,15.459570648658636,3527.4058026505654,2,36.33
497,Automotive,117.83276116969604,143.14666029729204,20.08084200996489,2872.6677455349086,87.39378582874302,766.191684473376,17.42910135163136,540.3977189051337,3,56.98
498,Electronics,140.99834413608048,282.4576828006906,27.5462872491106,4549.2908725661455,70.75437638689172,323.80459453789797,44.494694210546896,1108.9322038009414,1,66.89
499,Electronics,162.11147283072575,52.47760962218937,48.43522479048719,2041.9318649412808,785.7613229638014,707.6687119069439,21.249934443369,3902.3510874408803,10,19.87
500,Electronics,48.02854640651392,53.448814692151394,4.26167166779692,1551.9964293090204,177.7117560010725,716.8754771773229,78.47858244706319,4238.910847789975,13,83.73
501,Pharmaceutical,41.821690629223255,148.580964095836,32.767582365152684,803.0003393882982,494.33458517259334,345.1305670323727,21.09641638191866,3164.934013705236,5,36.28
502,Electronics,29.867889663536047,66.52461312536951,4.6311657061684866,842.0830574832509,625.6019744205089,158.2803606354425,44.12274848247818,3293.23121422312,9,54.85
503,Food,130.92174741329097,98.61158935881112,19.39797749485852,2220.5802732749125,456.93421054040397,607.1905364111728,35.488473978905375,336.0197618402463,13,55.6
504,Automotive,144.23038803251123,202.48729220243823,40.38691271447889,3018.8311383914947,75.75131971942145,318.0586093097902,54.75704950178686,4176.945245991241,6,60.6
505,Automotive,16.001367516871987,411.1635558109158,22.240139405026085,495.0154853310486,794.3264274585134,648.0465299803006,19.032548622259746,3983.7209992199823,5,28.82
506,Electronics,187.88032678630105,307.4218895161854,49.86193534124457,4703.886086223312,59.987563314570814,409.85839378230315,40.12214996296736,1443.3686916960664,12,55.43
507,Pharmaceutical,19.87454389377976,280.7004766803874,28.393904962383505,3800.15472548146,773.7953996586098,439.6867196398351,29.229352296500053,3601.6482558344333,3,32.84
508,Pharmaceutical,112.84630370720339,182.06997044365474,16.73694547916172,2974.457199589947,898.6392690987166,644.5365847239758,72.14260672701816,1231.3021108399907,5,59.95
509,Food,144.72149869567411,469.28917374476737,11.785454969332903,4159.349487601055,461.1979250043137,367.65433174313955,12.840999849428655,393.5847730472624,8,47.08
510,Electronics,175.48413351175626,228.65676855673624,18.17550618002193,492.9151083793551,558.7653494429082,410.1891417260402,73.96092458045214,1165.455404433811,12,70.62
511,Automotive,145.67651710516128,89.19174505809717,19.25413041421799,2436.5105008923097,503.1342229867711,363.3333281387355,68.30958969871003,1057.4186084206376,2,69.24
512,Pharmaceutical,162.32833578326046,327.6799322530106,4.366970208474088,3187.456321622151,419.74818769226687,357.138360694096,30.82995015085708,1821.1903843272667,5,57.43
513,Electronics,74.49553658313314,101.22727706447063,19.109135771911884,4160.399239979617,893.0533086018422,468.16260383102156,65.25034582739733,2208.557586442199,6,53.77
514,Pharmaceutical,164.8167716118373,205.35041426076143,23.747687467222022,3939.000844241412,899.236835136491,666.1596111508055,12.18494922371233,2640.986679188998,10,24.33
515,Pharmaceutical,25.22182081308828,278.335372423014,36.414149859701425,1457.6393235956582,369.0255464094578,353.2378183457961,77.68058852053755,2488.418602439975,8,68.23
516,Automotive,180.01516465150024,443.4001361083291,33.17974475135879,4710.312830840101,634.3162663139631,466.9783043764157,46.86164598128526,1499.238108633389,8,48.13
517,Apparel,114.04255146920988,272.0959611530534,35.729517106228556,709.2946230112648,930.5621840385709,569.5091278098206,31.229671824581168,340.0192091555574,5,32.73
518,Food,165.2865762928738,366.0164447142489,1.4098204119659978,4388.154731243645,963.955573994284,288.6076124125585,35.38082488162739,3104.4877867383234,9,42.0
519,Food,95.94047405847702,496.7675775495817,11.665702579446267,4857.6072230626305,533.5110884009451,294.2659634316748,14.648374742234815,2099.5751832673013,4,42.45
520,Automotive,132.27976208733975,109.17010395409173,33.42253013159297,968.0522637908653,480.18356502011045,753.3891889164183,79.25446598294275,1633.6263554602385,12,68.59
521,Pharmaceutical,110.01650557786151,173.62918648378377,24.715479040807608,3638.123714598548,314.7596001320995,606.4742013317621,12.750436160548471,4361.317005586459,9,38.32
522,Electronics,149.00200913351307,227.55923401894088,1.2603603077489514,297.39904201219247,960.9282795308895,504.03067335631624,55.84349862035013,3784.367877431167,11,51.02
523,Pharmaceutical,25.50969658581202,239.82268034247411,40.4202374791593,2086.5718431818595,185.673589249224,553.4040380944284,40.99151493945208,4317.274632187723,7,50.12
524,Automotive,21.46689595820712,234.95948386949559,38.86766909122653,2629.7881660686025,600.8380972453388,120.50961017239285,76.42413527321006,2575.917414619813,6,59.49
525,Food,56.94961446192782,458.4249511504497,27.872538986684567,2945.161606957207,318.42275414270694,532.6720758931879,27.219981821475663,828.4700102085319,4,51.25
526,Pharmaceutical,40.31348922150578,371.31469001008537,4.256702963037334,4686.092516417942,315.0578758304068,456.65621125694133,47.24607767566079,3541.8628933821074,2,65.38
527,Food,175.63887765251832,323.5573463408167,38.55923742709665,3394.028367741554,434.72015800737904,482.02477584560495,43.76493460079271,1189.1541436984412,8,51.04
528,Electronics,51.65065759802842,189.21772303825193,29.601965798836833,2458.2619609742615,998.8532890248719,351.596678781572,59.2006510835071,2317.9024116402406,6,43.16
529,Food,195.41439860563494,420.7056728995826,39.31603888074,4067.4076777028577,102.21799149783097,157.03172839905932,14.760716236669435,512.0037869546647,12,47.56
530,Food,74.0102004365103,479.777230168245,37.83560262739618,4757.610822676604,599.6147272933549,235.33746352843653,23.565239101634837,4161.480331630315,3,30.34
531,Apparel,44.60240398085286,419.53922714760193,40.34710152593402,208.12412854322514,128.44355013351333,765.5212992488703,25.019537406499488,804.5150770280028,7,50.91
532,Apparel,160.04271635707104,50.70429733616281,26.382395253826616,4914.354234054589,196.79478849099303,386.0896935896538,61.670552838918276,4534.868033836687,10,65.31
533,Apparel,135.15447734516647,336.38061658253315,7.875901391482235,522.0474814120337,467.5847946842537,426.6782090816049,23.239708742871805,4348.306890855474,7,45.75
534,Food,104.6571861260964,73.01092164894533,33.88671619560475,4090.4952184169306,534.9371247791192,136.89685289740729,50.144423472368366,2429.997269308381,6,50.61
535,Automotive,115.51907467814993,165.92324915017485,31.40321546754656,1473.6402875019212,295.8527879462978,126.29636068078642,25.06706743506676,3772.967380659155,2,43.55
536,Food,146.64833787173012,76.78611515649726,37.370406172755274,747.6803229939716,350.63427433069535,602.0270129327304,70.3137465058785,3173.3363543271357,8,63.34
537,Automotive,53.40640085294676,321.70795382722446,9.32416929648603,2255.292634597791,132.61866924313642,476.6662648847779,75.9529818142747,4054.7630832211753,1,82.16
538,Automotive,199.30344405078097,358.9654610716731,10.553784795114172,3255.3872392933063,338.058794652038,456.0941889513867,46.294508245956834,2272.664483772378,13,64.24
539,Apparel,195.2107008078888,101.5194371296573,44.630066343747096,1966.6640406150275,968.2305174115169,270.1871712958681,34.66162189464248,3971.88072437288,1,22.49
540,Pharmaceutical,133.561880405918,222.72749737024077,37.74891212415147,367.3705005852249,947.4720125888576,621.3255121409455,26.38404425122494,2419.79272191271,6,24.83
541,Electronics,47.91306567653758,255.30642902999392,45.50319594631582,3037.359584327711,368.13437563013576,217.76560537594432,13.484670106613063,4716.63578164541,5,28.06
542,Apparel,139.24336606194535,216.07385979241246,38.17705073703211,4521.776052942306,592.3112394648235,232.95432056271403,28.795005333824676,2534.5860839607085,9,36.29
543,Apparel,23.71769770604341,104.46125021833687,30.260609993524792,1977.7552931415332,914.1156215553971,422.4985199437928,55.796504596172255,2420.5725052819016,13,43.53
544,Pharmaceutical,15.823975419103153,238.52650558436395,33.05250411436581,1160.0306103910525,55.87463150885184,300.3959034783586,47.35318519164476,3968.344935504861,12,60.84
545,Electronics,58.9597488171306,388.0301215137882,44.567268273060485,2268.6289950707956,820.1493918207123,273.22408686320244,76.08288947966491,4143.572920452022,7,47.32
546,Food,97.8983617804701,81.95344903996497,29.361530971085084,336.97728413902627,950.951075149473,551.6663511873321,37.73940837441904,2861.5477487416197,2,32.87
547,Food,174.9717760275923,86.08100633685655,31.987174892090984,4120.389163953347,136.7594476168792,555.6802216529811,58.570433962987615,1063.029504776362,13,70.26
548,Apparel,148.16212325559852,209.6470813261929,8.667359084176429,4149.0699736559145,203.375301731275,677.1619488599505,44.2525923232585,2445.2395085963817,12,67.67
549,Electronics,151.1142390279964,473.7765702285163,24.222139785689034,2981.202270805179,962.7089876327876,392.39599688108314,45.880335114694816,4846.748013966457,7,34.68
550,Apparel,90.84373354513431,350.85769102531134,36.10345848594685,1830.2041557981086,560.6631364583291,151.15956371830515,28.744202022288224,3814.3337265880887,3,35.48
551,Automotive,75.72764858392296,355.4014805026542,14.276192217501904,4018.9384857843384,63.48680274813752,291.5664694450204,41.84655437893998,4093.5804986198345,1,65.12
552,Apparel,80.49736496707452,212.86399587703923,10.910454845702212,2817.9664214629993,294.7503988253527,786.0038242377718,42.95494979088951,357.5623943323526,11,67.56
553,Apparel,197.65341710985098,317.1473560438423,16.377513602996363,4147.068311895079,477.44649055541663,517.3810026628914,59.464976522425374,2445.7254206439675,8,63.97
554,Food,17.62074636837167,54.55903281248452,12.833530771648839,3194.148083656801,708.2634654735293,596.8159593607143,75.84479994302797,3303.7814415562657,14,64.93
555,Food,174.73598426326524,336.243220884294,11.530719214783396,3943.586818742707,746.5023592299596,105.15048073779018,33.0524894237753,4184.156881414759,12,41.15
556,Food,119.94832762875475,460.97912640930656,21.81769130053626,3032.9586667670237,995.6504372791833,462.7440125277646,12.954032800690891,436.5135371973031,3,27.01
557,Automotive,93.33692964602218,325.6580607551686,45.48408718029317,2129.2912342567643,323.1356394145711,126.27006027226219,44.74065878504478,4291.706651080991,11,45.9
558,Food,147.79895547887594,443.1643670598553,25.845922690197195,4793.934713638074,561.3090967750516,498.4611484640136,48.1122932504418,2832.324496361176,8,51.21
559,Electronics,102.46709887069355,375.7878749597422,10.208098659950828,2751.4577419063394,556.6573704666248,744.5395947452528,21.79083857923407,1147.1070587650877,7,47.82
560,Pharmaceutical,175.9504152355155,104.2512873816606,4.77161179966283,3064.938640848638,435.3629964748756,777.8933913502855,63.23252243932467,1722.82503895856,12,73.2
561,Electronics,181.1333541621391,456.1039882786288,35.111651111758334,1180.3894331322713,210.70379915029918,478.38687277224693,78.94503759090442,1553.2618484074917,2,76.0
562,Electronics,90.12697610595653,79.8997299600987,19.757139457383005,3165.688868193655,978.5837350246504,420.74336367655116,76.20423019059227,2748.1233645846837,13,55.35
563,Food,62.5972814746598,290.2853626464937,41.2697163826826,2900.8774824664247,860.6513273332567,761.5119659739458,23.797422717655653,448.09126357343274,14,28.68
564,Pharmaceutical,122.54656243273882,113.96170570705596,33.31602766339774,1005.7081499404222,523.4163768795254,571.5268823976866,71.27542679305324,960.973560799633,14,64.69
565,Pharmaceutical,183.34903566717128,55.26797482890683,40.01583107652706,391.9767770304042,623.0831515498284,145.42949567688663,59.31455454881793,4100.926608203756,1,46.76
566,Pharmaceutical,50.02581591107665,239.91541705743757,14.325355931503989,3061.3606666023784,265.8980008816792,426.0079043672483,41.76925946648381,836.4991555846931,7,65.5
567,Automotive,128.36365087706173,182.76831844437032,34.92558720059185,3842.0921198165706,566.5977168721596,268.17151292501273,47.84276960273103,1320.3020933990094,13,50.31
568,Food,129.9964418175789,268.70022220892133,13.93903724999222,2664.6667175178404,710.221626465402,428.8630250140771,69.47201224877207,2376.178906899955,1,63.1
569,Pharmaceutical,149.29147425890338,309.73994903054785,47.014355493064286,1211.185864066264,539.4086769672593,418.8259004044532,43.60944577468612,2682.1802629439862,6,41.45
570,Automotive,34.997860174179365,69.68258253902631,32.18233979513535,3365.957685795871,990.7709120556942,507.5013619703194,36.124515837358885,3865.3303021479614,13,27.74
571,Apparel,146.0067432895968,105.35148280568554,16.901078208591763,492.518060387051,630.7745734353399,349.7393432444759,44.527324511819,2347.195647997701,11,51.89
572,Apparel,182.7161789264718,301.38907840269144,14.20608125232136,2264.9851535295775,402.4250269625606,214.98931461914964,50.53908628245344,3991.3501809705863,10,59.53
573,Automotive,44.13979068534597,204.4253089276962,10.355402668510532,900.497116152259,783.5444262350462,452.6036042129694,23.23543576448442,3168.062273818196,11,37.63
574,Automotive,55.133231735536754,378.1280693972516,35.037406985792664,1003.8493501934284,211.93938600255996,681.1420190420334,73.06354111868934,742.8787492343478,10,74.67
575,Food,194.56506786791152,343.53124186637285,11.717065036898438,1091.240350875198,415.2900230209532,564.8085596473215,57.193086418072966,950.3909042856252,8,69.55
576,Food,44.38562101480306,430.52196334545806,30.169860030446962,1994.8645795154916,379.61100285870657,336.85750614765107,54.32882421362422,2297.7618821589,7,59.11
577,Apparel,172.33316774022003,361.6217720011514,13.96711631934251,350.63600753994837,460.2167403523884,754.8661159312,16.96473583264467,2105.06908682739,4,44.88
578,Pharmaceutical,103.53279272512661,243.46898482556665,33.43647829489956,2049.187860552581,792.69083463229,738.5452998744275,52.29217567208143,3769.012494259014,1,41.45
579,Apparel,56.973904136603636,352.83498007749455,40.932046698486424,2607.366490862034,509.9643805552371,246.54387956886913,18.467246356694464,2987.538271027289,1,31.59
580,Pharmaceutical,175.44248124177716,173.92152841493834,39.123236914088004,2468.1419963349936,804.3137277526646,127.59230958425408,15.508837263677933,2063.0387888107966,4,23.85
581,Pharmaceutical,94.60799845050644,187.8410744501957,38.2817152156083,1975.6420919748987,597.6644579828726,618.9160958455336,46.91176269496753,1019.649360561851,5,48.17
582,Food,107.81529724664114,405.043321964357,10.198397878920352,4211.8183795466875,374.96596292467757,679.3271829444072,38.19498738325465,1288.8180911623767,12,61.19
583,Electronics,78.25434018595548,250.88878238071197,5.330862402241417,812.1007928604702,819.4798064992988,777.5051961659487,51.216718910935626,2962.4048886514834,7,52.97
584,Electronics,122.66066177263622,409.27115323325864,35.24849259588189,2577.9140445287326,276.375187025437,722.8854758618176,16.245551764006702,2232.506263519004,14,41.27
585,Automotive,41.06953579115432,420.0900681507253,19.049013475923214,404.002943087116,263.16383080980575,520.3743377444904,40.16881439930809,2671.652042531226,4,59.23
586,Food,84.30549196383454,435.9030519475777,22.184965093764017,448.66282650175776,529.277777852094,471.03663744866657,22.23507005316106,1019.2516894507216,10,44.33
587,Pharmaceutical,194.18834124370463,462.4858561285433,2.526305546876162,2911.942663417772,297.80678366398445,119.4887358838104,79.09700601468816,3381.950011253916,14,82.84
588,Electronics,59.04535221321423,243.9433492309833,13.71924601447741,2873.4902819503227,58.6326832036555,272.65951279134447,49.280514870462206,4292.185956108642,12,68.81
589,Pharmaceutical,134.7799662628455,193.49006824451249,2.650143789848737,4402.3642129378395,665.8826509338614,421.7303262130485,58.12058026586071,1438.1096325771227,1,65.15
590,Electronics,71.78611220269202,311.98943596735126,44.080102857461135,2833.5810107343586,535.5391303987781,539.9527300584975,32.779279647782545,2559.2682839927675,11,37.57
591,Electronics,156.95989388045413,217.0275905469324,12.926437477707994,4802.975999983766,473.2419237685031,490.07628332288743,16.63172403455409,4882.531179300328,10,39.18
592,Electronics,34.865995536486466,320.48337506010483,28.309521309077393,338.60475715965583,968.6200888873996,619.8451927771833,78.31096039484757,1799.5603546434927,7,55.17
593,Food,194.2659985649235,367.51363818972106,2.90998671239539,580.2376554256311,592.639224764768,295.8368516209286,30.038132476822824,3056.222455634054,2,49.96
594,Apparel,96.22001286289145,359.7822583214616,33.67552217397724,315.9227216948688,870.2599988999153,495.46682535673125,39.6665729621502,632.939360961173,13,38.99
595,Pharmaceutical,54.84958803582815,218.5487991590546,16.8283399419506,1007.8565666343461,182.47772439490217,161.69957037355448,55.49047451918025,3108.8720119013274,11,69.32
596,Food,23.964381992702407,125.08709076443877,44.998040160925626,2752.2235436142228,590.7461399729563,389.5658665082449,11.72881083802779,630.232511862166,2,28.88
597,Food,42.25400196663274,243.7382023079934,44.517791257767755,3263.3036889943974,874.5806453943577,625.1125830682207,66.71813913621008,4804.330089554346,8,39.71
598,Food,108.75705022564335,114.16736483685894,16.93924029972564,323.3672739484771,603.9504694159031,585.3805974003308,47.56047330200342,3635.1807299470947,12,51.62
599,Food,74.0306035219444,450.54366583271377,45.147083888832924,4735.257360243437,732.1134692206515,793.4499160205253,29.47520309481755,3983.1669830513906,10,26.75
600,Food,167.4878395176958,205.64485733203583,49.811726001440164,4226.610345586867,403.441389421597,294.52378819142916,14.312558970472846,3579.700931703857,10,27.97
601,Automotive,91.86862949574312,119.5068862504957,41.445367542073456,1553.4011625697563,137.82704118521326,448.7325094217854,21.374889083210903,3030.6993731670354,10,43.91
602,Pharmaceutical,57.25571179164968,61.45149195758789,42.39869604000622,478.218898109693,485.00528037071786,330.67128964179767,72.65237011974058,2359.5813492104257,5,60.1
603,Food,127.25754745476571,340.6200738289179,13.201428069345406,932.4466587733806,424.7554212969147,408.4221798414223,58.02169567551237,4320.192222853099,10,62.35
604,Pharmaceutical,144.2876712082347,336.60604285463444,29.25841754403006,722.0276273993661,873.70717326,699.8650909085717,27.493120514582287,4792.811204206702,2,26.25
605,Automotive,41.737962501180476,203.27187496158126,4.295539784401025,704.0905185648396,281.79553723484867,578.9463526319406,14.592053546152068,2595.3736299395905,5,51.93
606,Automotive,41.84765109478036,82.27034998144296,5.650978904261816,2640.9522744620963,968.3975161583527,717.7088339433072,58.343071867064545,4671.368235945258,8,48.52
607,Pharmaceutical,16.967571117373165,234.3330027028544,49.94573798963124,1304.6524682176614,960.2312138142713,242.45777583232052,50.06854081774356,2999.997967944884,6,30.25
608,Electronics,149.9163828624717,190.0478727785271,17.005323221869634,1854.884610992808,285.2500609178668,711.3527824890066,38.31636671207645,2784.244097102879,3,58.23
609,Apparel,136.12286024814296,354.70428788075424,37.66101169039347,4948.57613358318,380.6493577034545,141.8335919248691,35.452801443304466,2381.517118185712,8,46.48
610,Electronics,100.17986639246463,322.60066225371065,40.52658759831401,3453.139819734189,900.7779538301908,722.0194963060067,25.17699931503758,1204.5812553445753,14,26.95
611,Electronics,170.39238530414747,214.067177688893,43.04314027935423,4750.005268530306,968.2911098513022,330.3516456225095,56.87278795762624,217.8543719266841,9,41.73
612,Electronics,163.0773290605101,148.05164941474555,49.88378657270567,798.5271196622664,471.2671476942418,320.21134338984655,77.94676194557094,1359.2298889090941,5,62.16
613,Food,121.2173292353829,494.61618477001633,12.833327777586524,1972.4834266795895,354.9471933588529,458.4620036890648,22.300067208577808,2646.671223697113,13,50.07
614,Automotive,174.97154329751913,254.3007295382517,2.977190516125286,2818.185836083536,549.789312588965,758.4831314062623,51.79816340108523,2023.8077708468122,2,64.17
615,Electronics,49.109829906985965,359.72340610110666,21.14838438173471,476.11450325481627,703.380746047448,133.44695527698377,39.692953902218335,2352.729094412642,2,45.58
616,Automotive,31.264727685568296,113.24883541026236,7.373952821618401,120.51847377699355,309.8007896062308,346.5616825495217,41.268210522126545,4907.111453907438,7,58.58
617,Pharmaceutical,61.25242618822803,268.51536484672897,2.098868568940701,3385.128235604896,749.6495158881191,699.6003920783351,27.79030960894701,1881.3073792127725,1,46.8
618,Apparel,20.84650265696982,62.39152394125947,18.660914529932818,3244.915632327033,99.07448925890898,377.23813420482674,67.75944129629934,2370.478108928518,10,78.7
619,Pharmaceutical,110.92221032019609,277.4548030597025,39.40317430268659,2112.865168998098,96.82976812619562,239.4098283179469,43.96789229030688,840.8746464935339,12,61.64
620,Pharmaceutical,187.95508153604268,483.80783320296604,28.742853870028473,2499.25597255696,416.97331988826795,397.3559269319882,48.03840965387849,430.19711569754065,2,59.15
621,Food,17.475272727016833,222.8930208436101,16.326121471307346,2135.670702901239,385.79953245768456,369.88675104416853,31.333263895812802,3921.965670043974,10,49.72
622,Apparel,33.200883661905095,67.54820565871022,33.062758269143266,217.6247197399554,349.8515545987947,740.7913410266924,22.72659259668648,2939.2792403454973,4,41.76
623,Pharmaceutical,95.9178153738527,63.93010591370459,12.368890835131726,1743.3208704655658,516.4687745354645,633.3540630201679,16.013727174197435,3851.383069010696,1,39.86
624,Pharmaceutical,187.43625333030192,224.59404197609126,1.7046908575321662,967.7030514467202,354.69690319599266,453.5808890208044,59.98833986474411,919.3414346554479,4,76.83
625,Apparel,70.0696599455826,122.01122140843732,38.45331593538494,582.2785265967068,232.64502254468732,791.8593967050998,23.736399718149894,2944.7781016769163,13,43.62
626,Apparel,106.37461365079456,60.50844334768366,31.563411158336447,4787.930126057814,343.99607163417085,425.6942718931463,58.305274793215844,1417.4838768386026,12,63.37
627,Pharmaceutical,17.8988432195745,390.29612627757956,38.35282860054704,3036.8626527066117,976.1590591697232,140.76648157419265,37.32635122328677,1294.6967211200956,11,31.45
628,Apparel,38.185208182796885,256.3353539968508,2.9079628176956147,3670.4157927593533,440.5577461451062,283.59202527048944,39.1042360692756,255.32486745432922,13,64.66
629,Pharmaceutical,197.4597233621809,180.16014738769454,42.018861763701956,1645.2823420039756,472.477138015419,405.2493361535188,42.842424726494016,825.635473131545,10,48.79
630,Pharmaceutical,193.37255232284866,455.0374323574163,31.356783801778864,2026.4209345206746,597.717740453583,209.83183690228407,35.739595568928024,1684.4869351985376,5,44.03
631,Food,10.938596377537827,102.26253209023653,28.606372184919366,1260.927570093945,984.1737299935153,763.2955884268301,17.043398405581307,761.0180508365074,9,26.03
632,Electronics,190.8442392304154,480.1634730298936,31.606088357612048,575.1317877305812,279.52121261397485,636.7942284724412,31.674226700199206,4932.1205139725,1,44.94
633,Pharmaceutical,131.43278818494508,191.28502281980877,43.357229096549844,977.2550234637606,697.2180050058121,287.80104029944084,56.46140524857569,1681.4367129149632,12,46.61
634,Automotive,174.9044759588042,449.78165253890654,29.759888821386447,4007.8188219527806,730.1854588646379,513.563173462541,56.60490810282097,825.5549441711752,5,52.84
635,Electronics,96.40057257043323,321.3242944157577,29.46656861452079,3419.9744454005017,626.9581959534127,605.0144099767003,30.035701506799604,1155.595101574197,2,42.11
636,Electronics,107.96324543005754,422.01831188366936,49.54327869622252,2779.951492328837,134.14942265481187,758.8952502347586,42.20718385903816,3020.975496039087,9,51.22
637,Electronics,102.88085024881484,492.8059234447089,38.07977818635983,2427.9403770471636,693.0286620361976,717.1447444227874,23.541305960835622,507.40891455098483,6,34.73
638,Food,136.70420893375984,179.78244701843556,22.672396467105628,4619.92798991501,110.8899754843667,460.63455829674956,24.726045707088502,4339.683824677553,2,51.29
639,Pharmaceutical,36.53373840369945,482.51096843341685,35.66245300161346,456.40124411547515,616.3355170724021,642.2568338551123,11.613296188462519,4815.198460338307,14,23.42
640,Food,15.694982075808811,225.26685270608917,20.072293112897636,1474.9439848657883,752.6021183606555,493.5013276793095,72.77225849354213,1384.3876192034281,3,63.01
641,Pharmaceutical,68.50668890232627,223.48035713161505,12.21489766169145,1814.695482496499,250.4213960889529,486.89272303187806,24.749466555243437,2360.457289236125,14,55.26
642,Food,143.88934491996287,203.17419691452756,30.245741967500212,3933.8864798426603,849.5409071656353,180.31937083673432,25.927371385552433,306.24536494158593,8,34.77
643,Food,48.35215590336019,293.6334233064133,46.480922807583624,4963.32163879366,78.83611525635405,188.29636061130645,29.572100285159227,3275.409078690663,1,47.28
644,Automotive,137.95216233173429,119.36526943031919,46.52783648075767,1279.28552231005,851.6222204753908,470.6735305157202,18.91856501868003,2186.8450786524263,12,20.93
645,Food,194.2832887603814,299.170168411105,17.753358627169025,4384.105937271695,487.3125981106268,288.20308148530466,54.7484018226954,1496.2806372874675,3,62.66
646,Apparel,27.841135999989493,293.7671655845018,26.856195844863056,4170.051526115778,256.70854293506227,114.72583172232804,15.26000672243106,1192.8181309597207,13,46.8
647,Automotive,137.79440246277397,392.8558156721915,11.3701590299232,1200.8212484446565,177.0892377442696,605.9874427301486,19.39416984284452,3339.31077276205,10,53.16
648,Food,94.31254166786852,425.1424828719135,49.78592436544529,2056.729642976191,955.641809203254,122.74061768311547,55.132970861306504,2197.8417489551093,1,34.59
649,Electronics,174.94702833172602,248.1986076405908,49.07477748552885,2107.397059533344,119.03230820209887,516.6937887728382,33.77624343370099,1062.3645873435776,11,51.56
650,Apparel,43.65845999500332,186.0499622081722,32.82593755566492,4893.281275780136,239.13874893912939,477.4356558891201,59.55634786908323,3507.723591136755,11,62.46
651,Apparel,141.59893092297125,166.7007037926925,40.416288924196195,986.3703167566018,380.43123006139365,778.1702834044631,49.01973212690994,2912.3469585761295,8,51.11
652,Apparel,169.24190503314094,137.58072651719237,36.0399079029013,4015.874058413432,639.2231065130644,438.94919754334916,27.921482114305913,4321.625863661581,1,31.72
653,Automotive,189.4767017000644,75.9414119895612,30.06475273293394,1737.5442994482387,567.5610310122935,144.52100546445814,55.557956534252966,763.884314607166,13,57.2
654,Food,139.8171253750327,204.101590475621,3.614051852455987,3681.264694303186,169.3613177916983,486.1815774645232,18.139157620501646,3971.1996893333894,5,54.6
655,Food,104.4632051616012,171.61146145885246,23.283452785080392,2158.053921048748,325.2415845513039,688.767319431271,47.54872681560213,3432.880576722843,4,57.84
656,Electronics,127.39097563823063,484.8878236398833,34.064528806203114,2933.962839271046,276.81418253172285,797.794498997008,40.60036735315242,752.0524967748695,7,56.87
657,Electronics,175.09194705095646,300.9689718125197,34.19904908030055,4179.797689298042,252.8657117658243,401.2402215823507,28.751150797220856,3535.1395033842596,14,46.04
658,Apparel,118.41585186137765,206.2746675637284,19.283008302696796,4040.411268421032,440.5871196559877,324.20911974771974,52.28034984176501,2319.426986623186,5,60.57
659,Electronics,15.773541342399003,311.2104204471632,47.1429073462435,4345.473599344531,718.8298799620741,734.6573078663993,70.99335146381978,4735.926970668047,8,45.6
660,Automotive,186.88025214632577,112.63851560556299,9.20049457960227,392.1248941888292,256.5802856063741,233.86949035328496,79.92332898341537,879.7344829659166,12,86.82
661,Food,141.01008269599663,249.8196871409913,25.51761286456247,3491.0477098947495,398.34493571783236,530.8002405230486,52.54339381203972,3285.600275915542,14,57.54
662,Apparel,138.53754329767685,331.8054446394787,34.853314850990316,785.9381459366381,421.37155549910415,384.0000969266634,38.329411203041914,2033.5042182221405,11,48.52
663,Electronics,50.97827895556626,270.0040243066031,35.15965448869865,2137.510983290214,977.6337029636396,128.7576554688887,25.76449701513411,4792.710418836214,1,19.9
664,Automotive,135.18823934420487,230.8004602944459,32.783308881671964,2788.0832337679735,956.9330390351154,343.1019320139884,27.996726257657823,1783.879497393327,5,28.61
665,Automotive,84.83423707429012,497.2317750048642,14.489122459141148,2073.4234752594707,810.1307036144722,285.6599657518722,43.561848470483596,4818.492365560641,4,42.04
666,Electronics,133.73426563788348,446.14164296701716,8.654121865644477,2646.097211434737,279.57597477822594,580.2638077604408,35.70943908964965,4527.132085283595,3,56.95
667,Food,30.252675758518237,330.53268117174804,32.161076014508836,4982.978913113234,114.6354483870862,764.1533483843427,73.9670165837461,1497.8395294911504,5,77.68
668,Electronics,134.99060787457685,306.2198125320272,30.36580369083245,762.5648371929882,351.0589308345935,287.6330311650464,35.78068273589967,4057.0005287668528,10,47.1
669,Apparel,199.88860789642663,329.29721592106284,9.788444504172809,3409.7346221484854,303.4548219621393,668.0261574061773,36.14112138018048,4978.900168656829,3,55.09
670,Electronics,19.160287383505647,140.59044852009498,35.55181813295761,2040.4047352895145,530.6295101390742,138.75187185688668,36.847415870378384,1412.7824104221552,8,45.46
671,Automotive,195.66309500205028,227.81198446894336,23.303427594949163,751.748014645911,788.8415145644034,476.6847070278692,68.56341472573607,2296.5304127519344,13,56.7
672,Electronics,87.31251253734541,67.7567898009047,33.720268988554494,877.8101405341167,865.4067919349151,149.3850445969262,55.55518245928313,2696.8675355204464,3,42.93
673,Food,175.44315556407923,263.995716869072,42.03098690873738,4751.4382206035225,852.6208811399831,753.8230937914475,52.99181952232249,1615.6694518585487,1,40.87
674,Pharmaceutical,158.65324197107196,294.36106278094843,9.316693000269234,4410.047333887634,391.6917831619144,636.4458963901732,33.390011566870356,273.2712303009429,9,60.67
675,Electronics,117.73308958746688,152.48738124644433,1.9380985318449973,4544.505606033607,702.8726262876488,560.5649378432147,67.25329237827076,1256.620372148128,9,69.25
676,Food,150.30534975775203,483.8129812244812,39.17602673339355,4958.510601554194,347.19248764800903,676.727467137265,12.68547029489908,1553.2970448404405,6,37.15
677,Food,176.9179566472561,459.2545749217589,30.875173832478183,1120.745411041738,107.86026607342357,553.2638568991142,70.95580206366792,2329.2785663272984,10,75.23
678,Automotive,86.78666111369627,374.96445595515763,35.28233891148396,1841.6527530839026,716.4870023227952,778.2610780220039,45.892492985575075,1021.291896384329,1,45.3
679,Food,72.13630069701534,290.02398294441315,42.06959377444348,3379.1732466318467,59.33617494129845,599.7705635053401,37.877516440438896,4391.620912120028,8,51.55
680,Food,136.8427432570811,441.4861218414582,40.337735806400524,2470.6324453171715,438.7234580855641,747.2610267075728,44.801709650237996,3583.573437110413,2,45.94
681,Food,163.49072896883914,108.79355472055832,48.08508719951241,2150.108713553834,362.91030583697193,461.99232440744663,56.71908713736818,608.9622922863775,9,57.02
682,Food,154.834175607557,405.72940742369826,27.260818863753794,1853.2751217444059,708.7086615929098,181.94508908730387,10.893579856252815,3320.4437654716708,14,26.64
683,Apparel,161.58459328314055,106.16936628508174,24.936286000335365,3009.5250965229156,777.93319912236,469.72440499611196,71.00862995207734,3337.551086746978,8,55.52
684,Apparel,92.76082981445727,407.39479814723245,20.692472794645774,2920.407800336402,338.88990417271964,188.81097964416531,41.2717667717975,4789.861633489413,3,52.61
685,Automotive,165.3885010732541,174.0954057131106,8.530861099366023,891.1433869147764,821.0456637226108,514.7454354234835,34.007656379005475,214.500182509574,13,48.53
686,Electronics,32.839720520415604,444.690761458185,29.057754411219097,2411.5252038403514,329.2209224796871,437.74514236936403,19.677189594383997,1390.0757590678745,5,45.56
687,Food,113.45292861256141,474.81894222142904,14.57361369197296,2812.0117034282644,474.0100419872332,535.8027784829471,40.76257620509095,4653.399101001514,9,51.02
688,Electronics,11.094145494643099,116.95818623230204,46.144068098435795,2894.4059997838135,740.6676006634273,107.03288673838212,44.74259398990652,4674.242793911759,13,32.35
689,Electronics,71.67130768105136,258.2040222794271,29.57634940957778,1129.5252452705238,708.2742177635491,236.38834415875488,38.255268614543446,3658.8148129790593,1,38.73
690,Automotive,79.6276916255656,491.4443201732083,30.049168844897398,3737.129822036205,988.00004869659,443.9313023384916,57.50620656788279,3875.663941028192,9,39.34
691,Food,85.27281140575852,267.533346187916,18.39130838297349,223.4755646232412,263.90297300513527,765.3524931123944,39.46275701314582,639.1181980623062,4,63.18
692,Food,142.1387692710738,438.59638513154533,3.5474782469076667,1838.676092161497,679.2020178626033,368.52632824861087,77.29923044926014,2666.6040069355213,4,71.52
693,Pharmaceutical,83.82603924136569,314.92918495909396,2.5554445032764423,3923.0419778246046,629.1978128619885,397.06041823754424,51.94942624765143,1311.5983581871972,4,63.45
694,Electronics,95.25178829828083,218.89845856382084,21.743422063506678,2863.0753131714714,919.3435317655284,600.2872623046355,66.52345549563363,1069.8466093453628,10,54.84
695,Electronics,55.13338486612222,178.6025999866416,5.1437035267646545,1379.695919303215,198.5440345626313,522.6549301002826,17.65491321766352,4089.4558357919964,12,52.63
696,Apparel,80.91784040957461,141.4503909887393,30.735500821466818,3505.2702847809337,764.2082554075863,309.24830506883325,37.810390506213395,848.1830560666276,9,41.99
697,Pharmaceutical,53.18122917999878,392.8091861199637,44.16767727634321,2880.2156263647594,589.8551854553299,387.57147689719943,33.57933910130069,2449.527857582649,14,36.53
698,Apparel,23.907225516004292,223.94322807036255,44.26282600941739,4001.593686336297,310.9325762985101,252.38985920006272,49.86376716956143,4705.175550012958,6,48.49
699,Apparel,124.6552327424618,280.07395799033804,33.29322509647939,3701.6234123301347,500.7131684398154,776.215021391146,70.2779464042998,1091.9938667136444,11,64.62
700,Apparel,136.96043172545308,271.54646600053184,11.35035974217362,3089.52881797755,367.0877672163079,191.4440670901518,15.483675243340468,4894.368433943526,8,42.4
701,Automotive,127.70316574182675,309.77556315490904,43.28684473658473,2492.0706090229887,600.3477326490379,360.2857491964936,15.080235863129754,4972.582331653083,12,22.27
702,Automotive,98.06386832210875,439.5097155310485,44.4185783303472,752.5924157708647,894.5505802739326,118.08728055400783,69.52223957103192,2866.962342475534,14,44.42
703,Apparel,82.15929823405367,491.33270461254324,10.636025662694976,1380.5317876383804,590.8397351915919,255.24564435348248,24.899506022685017,1016.685152850358,4,48.44
704,Pharmaceutical,174.0333934186468,233.41289385821761,37.133878202763185,2153.587417293718,650.1362974102549,646.3297968661085,56.81272781148696,1717.303462116299,3,50.61
705,Electronics,108.62553917588143,422.3835149478364,15.039457897429024,3036.5665063313045,542.810454758974,240.82266260221562,48.00146926525636,2237.5655968473684,14,57.23
706,Pharmaceutical,101.04455674964889,394.0375075946229,40.32937530529355,2617.1684905549937,98.60723112320211,156.04438177027592,68.30255164210607,1684.75627691947,1,71.69
707,Food,14.871992503222781,308.088028155008,49.864657095276534,1512.1041772016945,271.21562903228954,432.1172258911663,18.756223688548246,1547.0507834072757,10,38.2
708,Automotive,74.83708724896971,480.2212146253699,2.471274261140248,131.67535316958168,517.4016429604786,106.97846431416295,19.08480760058279,4866.702604238516,7,43.3
709,Electronics,82.23716756931285,140.21353198778127,44.97092742375566,2531.5721873139883,344.72351955746956,159.33630809843322,48.97728521948153,936.1511715955791,4,54.29
710,Electronics,85.7763283704111,99.16889463932964,31.508896146334244,1499.5673439549912,222.6754178731345,665.3381086940826,76.24650573508596,3719.973961840939,14,71.4
711,Food,120.23275015319314,434.28288512994,48.69574833907624,3699.580673481622,528.9261998225164,640.0313414017245,39.0498430859528,201.96938930803938,8,43.77
712,Food,111.3844838781069,247.61741748518673,23.785466358794952,217.33669982536912,356.6693037754578,740.5971742834272,32.88594701782864,3061.676813131409,14,50.11
713,Apparel,125.50196763075448,431.13598439317724,42.52200859799731,2965.6562753983753,295.20226101474395,698.1608051375247,52.46825262385201,4596.526418979452,3,51.18
714,Automotive,155.32781969300436,451.8905923379367,4.057309361315584,4713.223763779721,490.78614656836174,578.2228942678727,75.13140203815217,1582.0836516474512,1,78.06
715,Automotive,164.46729035605776,78.10591712858215,17.428673453836492,954.6054088463476,176.6200451780645,136.633000110464,68.58494829912365,1090.5246812370522,5,79.84
716,Pharmaceutical,146.44338448303392,447.5591433437273,4.283810349809288,2411.0825046779173,931.3584464216369,647.9940325906603,79.68385275132539,3328.0630154164496,14,63.53
717,Apparel,191.5495022314376,251.74357491624,48.79181354047446,547.967759903977,874.3169930232771,691.8575675883923,11.579800824166396,3620.486755032287,2,12.8
718,Apparel,13.46419070850871,279.6946200519045,41.03172145632,3165.8413700806277,722.2395564535086,659.3575020403681,17.900070129893358,3502.54649096951,3,23.87
719,Apparel,47.19781727987376,331.9666299919446,42.774823641052556,2797.6052349215056,150.9031362090334,455.93532471561826,52.66274343566354,1732.7210241025955,14,61.23
720,Apparel,11.436946245847002,466.87217302853907,46.96029634026082,2096.091068642879,787.0833917462083,263.0312870546372,67.44035075336947,1410.5715303647883,6,48.5
721,Automotive,133.0201956893746,58.60224249339382,5.1700708198694825,2654.747405221332,817.559461703568,691.7309829821087,29.967103961473658,4788.410239817812,3,38.81
722,Automotive,180.62580430049752,264.5795607430177,19.894282033153335,4493.21582649815,779.3763868286208,609.013966818097,26.74477616239531,4631.837639695661,3,32.77
723,Apparel,56.26163634949686,359.4749190937523,4.480709563156104,1061.8420813242285,158.26759276327908,786.5328220721962,65.08830595668405,2395.1197274855376,12,81.21
724,Pharmaceutical,186.13656351129828,375.2181309642028,11.328861975951401,210.56610735620143,661.7125592143765,208.98481842915305,13.946729769726211,4261.730557540992,6,34.07
725,Electronics,21.450804155016563,361.63959419169856,12.238923074845946,4322.157935025594,842.6085559619286,257.96520813643855,35.85678533078096,2371.152692644621,5,43.01
726,Electronics,187.5428450930477,110.49580823365483,23.986253341331356,2927.8737037007418,598.4857311586843,248.2587049170519,45.40664558146308,2237.06728674805,10,50.68
727,Pharmaceutical,76.80831057553054,184.72801476725655,14.159546205228487,4464.226431763028,664.0870064666846,654.7778373349357,49.22440720452264,952.4621484766144,9,57.12
728,Apparel,29.26995740535114,211.42198643765605,5.947927234070294,3025.031594724546,485.4453054549909,230.8351075150827,61.003060975494385,2246.7490711614696,1,69.07
729,Automotive,102.31563424540187,411.9967434557772,9.207063365611278,4069.789340802542,552.27195388985,146.66188087631426,34.839200640146075,2779.6013052790736,13,51.61
730,Electronics,58.78754786689651,175.44194258654886,8.216502614052455,2205.399480440225,82.65801543413895,798.99256460994,52.887904127222505,308.02077165769504,3,80.06
731,Food,64.12585137276534,144.81723374024142,48.68076309770262,3774.313663312517,657.0148708746203,117.3720480116044,50.97627959536695,2331.7424248419507,3,41.64
732,Food,68.38509333599444,480.8516085671433,38.20533283900521,4573.903187760295,127.37485224660124,684.670842111206,48.333127045762296,3950.5098482969615,11,57.16
733,Pharmaceutical,162.57492058820606,53.98847830106101,48.42031179820854,2903.402522238811,463.2638646232122,355.75678908545694,54.83383051995485,3464.2210705964953,6,47.22
734,Apparel,112.44064256829836,499.0193850568902,22.54728383888752,985.8472377556598,328.02234278403745,689.1308218304707,28.161441974765342,3248.753546546888,8,48.72
735,Electronics,69.1484628396407,354.56958448582805,14.640055601470173,1417.108313647971,568.1565527011275,488.2343438478015,15.925412750924028,4565.866056498572,3,35.93
736,Apparel,125.96341882907448,422.8111847521027,40.11636666325015,1073.3584267972883,176.74551874704673,731.141860640452,18.349017042782037,286.55364716110404,3,47.25
737,Electronics,146.06862810240676,182.57872835578692,16.986441984016192,1309.5994352190912,707.0612318746523,748.3350904902387,25.720766785773073,2873.828413722724,6,39.11
738,Pharmaceutical,61.79856013937142,56.44187495017699,15.669785311562066,1601.4357018200783,805.2609600820468,106.3687268965432,45.01385548659497,3979.274472366594,8,44.12
739,Pharmaceutical,88.57432928981679,382.04128335268854,12.392793618183727,2820.1555550906237,205.18672725599868,152.78852319495178,68.83099253822141,2798.409836966083,6,77.71
740,Food,33.158357734020036,425.3650686503041,7.354269932987532,2981.1589843727807,149.09743298428805,275.2511106995988,59.09053394618689,1754.69865238582,13,78.62
741,Apparel,44.41837641158926,383.2142593790836,13.566689989821533,2189.8487614851197,188.2397086479912,568.5207914544512,65.2328422941433,854.0027124414937,12,79.83
742,Food,139.41239225334672,114.28262928537737,18.4106676752205,3115.5618211220935,883.2711838035766,721.7905375580542,34.56829367482639,4460.302744717718,14,34.5
743,Apparel,44.47328606216912,389.0425650156361,34.02571619914079,499.717135495693,551.7797986685384,421.95936590577395,38.325761915398516,2459.6594834604944,10,44.08
744,Food,109.78104289674143,396.01525194843845,4.065677268753127,530.1623615849838,493.89794620712746,524.8811813919858,37.55773201934289,4414.952945531367,3,53.51
745,Automotive,144.71878972726222,346.3432320515247,11.314840043601805,941.9643557525264,151.37622814723656,231.9498969568928,23.431122908315107,3012.0901876792077,4,56.62
746,Automotive,30.30661538800133,394.7521697580138,40.642158374292144,2638.5797403976894,667.0782064191137,663.4767837171797,14.285166070050042,3436.122159752004,1,24.0
747,Automotive,117.78932172949168,430.6646478549795,8.199174255604767,1148.5739256217364,874.5996123003354,777.1296779474288,51.36412649790587,4060.45354101656,13,48.04
748,Automotive,58.74692890325912,326.1218514068563,17.789612179603555,1488.093577113629,836.7765758572802,288.01925304021825,79.24516783944102,3363.946614080645,8,60.68
749,Electronics,192.95610629514016,89.87212128635558,43.36828717104886,2061.532897247671,644.7519735317612,446.37816612038245,21.6780793465184,2110.6632352589013,4,29.93
750,Automotive,101.8736728767857,269.4325143502449,8.59134024602869,4078.144007650861,121.51478081908995,160.28127735446165,13.267937392949163,2665.440242857525,6,54.22
751,Pharmaceutical,163.13858445728005,84.94220060222227,5.054104945291305,167.92446597301458,156.7771758172123,491.39565952407787,64.56721772767531,4054.6185184442234,11,77.45
752,Pharmaceutical,114.54304300968974,233.39436396459388,24.74236175892053,3281.95621915945,96.84353775433344,451.9484092926764,27.681020467930693,1993.5214225903242,3,57.05
753,Electronics,18.24838124241564,233.19792010653242,15.818556052648283,3377.4950020993583,294.6052556678458,201.1055389085543,68.07506637470499,2062.9829924887863,11,74.75
754,Automotive,130.29876136286424,79.70442986310871,28.607009859708853,4013.413323747519,178.87839380235886,409.4463491826525,59.27556669241608,659.3125570784055,12,71.51
755,Automotive,190.76663501926484,206.9692402862657,40.38643963369028,4670.4894013955345,297.0456382398122,333.8732564605943,76.19714759355632,4590.005289064389,11,63.85
756,Automotive,124.30624582780293,99.94914445609167,7.720275919484415,198.67545985152015,415.8051529330136,465.28161271363257,38.624906502967036,636.9743117381204,6,62.48
757,Food,165.64588329109014,413.70584450415,29.454255143159966,853.5401570147593,945.8336448675789,509.95803480015945,56.33788876154439,3311.4040517530684,12,41.39
758,Apparel,177.99922803619748,476.45961168401186,25.769929259103332,4442.239340874366,629.8572567926075,105.94690502504666,42.539834656928946,2183.333498253429,11,47.7
759,Food,53.33515667029717,82.54241386607237,8.059860514646779,2346.740954716375,843.2250963988142,632.7041880646888,54.14120881159805,2146.9730732261232,9,54.26
760,Apparel,50.28851958256306,479.80184328126563,31.575925790920138,2866.4941307739714,724.8339256767156,599.1100043032186,41.471923420541614,3461.8488155488826,9,39.44
761,Automotive,126.08638788168842,285.15946970153533,14.408380475177811,3348.833298243422,156.87797400030016,356.4004703445655,23.204257249685238,522.0499166234179,10,60.09
762,Automotive,88.0954092632739,184.80455507924324,24.90388160865661,3427.4263620286233,749.1243860552514,137.0551548981728,45.55281912023666,3049.7877581668863,3,44.24
763,Food,169.57364754467687,84.58793387427357,5.031343889576032,4665.52797625089,311.3439374811682,628.4527778495352,47.00089410062096,3905.752572667303,3,64.34
764,Food,181.00439344562213,275.280920631688,23.51961880346753,4985.052145317181,657.152454644971,768.6226123346927,66.74226937821128,4175.421237855652,4,55.9
765,Apparel,77.15006206751644,407.5319950208369,16.016709934098195,3628.771558561607,373.9138749608391,268.10611721540994,61.48644940555069,1018.5458690901214,12,71.08
766,Pharmaceutical,55.005406205151594,368.18891477001415,41.296679348082364,1507.383925105239,997.7886501014262,326.4672296159265,56.46541367590109,4507.6114403752335,7,32.77
767,Apparel,158.29984789633374,72.60170515878819,3.7919576228710454,4410.786771242284,300.3739055219389,228.66902263727047,17.93709668868008,3349.5012408677226,3,51.74
768,Food,62.21314675414586,82.80582591555658,21.51175647099817,341.18248124973184,315.17394723555617,503.8552863413878,60.443140346460055,4432.903043939277,10,63.3
769,Food,166.29672051759889,231.2929771846867,23.46313978244046,1232.2961790850313,934.1386427842784,208.38897625321846,45.02136094481603,2529.3474421289516,8,40.04
770,Electronics,90.51026819326493,182.88072232157447,36.52529773865682,4497.190015572203,73.41218440450653,349.3357604229656,72.58696752743114,2801.7600564665695,11,73.88
771,Food,136.8344808653794,154.57294537522154,29.140091179420338,1355.3384207528393,711.854538479537,587.909109753984,74.39096538913799,4611.383729737621,8,54.96
772,Electronics,28.151709628586953,176.4520245089211,33.69340452251487,1181.1901921465676,739.0600711990842,492.0811881065439,13.860961342124982,4519.565808102425,6,22.24
773,Pharmaceutical,128.5332716885489,411.5672344835981,39.07541499693605,776.8139363872115,844.5596485398794,370.52379502955466,67.44490922481351,2351.1721921712096,4,48.05
774,Apparel,95.83585896007354,468.15262413433425,43.24794570925125,4309.647612469891,975.7173451065515,394.17472126527935,12.638817329586942,1517.1806318512724,11,16.71
775,Apparel,121.45560800334007,232.2962125374049,16.379899339401057,2550.285470036325,976.8218231988197,493.47761783626066,35.70187379865159,2087.218085908468,12,37.82
776,Electronics,41.92269947152405,457.7499509596237,27.363112562831244,3406.9766949653585,112.0129196881407,104.10530952101291,47.96099829347554,2061.2687769427985,11,65.55
777,Apparel,150.0060115393946,194.67306556154688,42.165295843520795,1271.4252819676453,830.7473566152573,154.9569079175269,20.367055903898923,1576.960999917411,5,25.24
778,Food,173.93144473321343,264.3966438547062,49.48310541728777,3814.398062954961,663.9944369745123,716.8806474341081,62.241966879835374,1489.1821007982396,12,48.43
779,Automotive,51.180562017247375,151.71304901719986,44.586446241144394,3824.0271703142826,664.9750276544366,154.51529236390354,10.584829292049701,4333.102095102653,2,18.84
780,Electronics,28.185765548830727,338.2142189791298,19.201895868594463,1631.7303220506706,171.93243028396006,594.7625173473537,21.80193339038258,535.337219286376,13,56.99
781,Apparel,14.491331348803914,490.541501828664,10.56315934371387,2112.3449017503863,667.6778081233707,744.0267148763368,50.6557780897433,3452.5336740780517,6,54.17
782,Electronics,131.97458508422054,321.5718932195204,24.980234332922848,1127.4823594079842,983.3584515711855,289.4785230112118,60.00712934261047,1029.536246990971,3,48.45
783,Electronics,125.34786685686835,211.01633785109698,37.34043113996607,4885.149014282231,916.2276410624746,359.34400594166,74.16501718857413,1853.6282882915036,6,50.95
784,Automotive,113.87250841567331,341.51785069573776,25.13588446691158,3263.4526275862167,467.174127764608,498.2449840913014,59.38476563542367,495.40656384721694,12,64.63
785,Food,54.06994826203533,105.31430530942441,24.675862302369758,4679.265015506026,87.95057462178963,717.1962787470093,57.02454891784062,1495.8734569062178,5,73.01
786,Electronics,84.27213922204778,449.8965861194294,42.07329063300823,1586.5891637827526,394.1788155001946,759.3339110822941,37.6038802445465,3888.4211413627622,14,42.37
787,Apparel,122.95050368537288,276.38777785092634,18.70878517429213,3931.26547368476,835.0707960205275,617.6942736778876,10.089909786876099,4448.073557826841,2,23.61
788,Pharmaceutical,104.38570318324219,252.20738391783894,43.129939065770635,3852.7073550352357,716.4241463919077,160.63383259828584,18.411148111493535,1263.3303291313619,12,27.93
789,Electronics,197.6792488408286,313.63915480408366,20.933435246634453,3489.1126941460534,486.3764728142586,568.4079088743956,47.41881813292274,2425.029628442825,13,55.89
790,Electronics,35.923552985779295,331.1527382552311,17.08342217823863,4831.630978807322,102.34645840088953,387.21260531086347,57.25909200910938,2457.5554300985905,14,73.81
791,Automotive,142.07746526904282,82.29911280193086,23.24550564878525,2028.4211469209463,455.5499914321375,429.4906996437431,39.22137987275238,4393.161467646724,5,47.86
792,Food,86.82056593981551,357.1777495505311,38.359900975068555,740.5148855898108,495.57369273198935,134.40387324162393,61.14753080698731,3861.435453803866,5,52.64
793,Pharmaceutical,91.3579268358668,158.86925614198833,7.17409936533572,3391.373410295898,932.1277562494291,233.74349754245074,46.53036067325252,2662.770648166639,14,47.11
794,Apparel,146.34357547505348,371.2786846279654,10.624541577728852,3673.6180223383103,659.0317984030514,653.3595252735535,15.192333691601855,3419.5865622645124,9,36.74
795,Pharmaceutical,141.56286875163022,420.1406574728885,47.62079645749151,2917.796809948192,346.07027082191644,417.77118313350184,23.441137567756417,4267.304258764961,11,33.76
796,Apparel,198.3386388034158,411.7813283986341,9.59908974168651,1113.4076763536418,549.0523512281853,311.1635691418042,68.799875627076,245.78697932261574,8,73.6
797,Food,34.394914996283795,298.6254353335501,28.818638578621673,2571.8341141798414,112.75254243105206,368.8133517754707,60.74389226371076,2133.872149040233,12,71.19
798,Apparel,29.780833382991602,284.076451539838,29.386408866434955,1629.729709188734,973.93982386725,698.0796593279762,72.63333909087464,4554.767202929977,12,46.23
799,Automotive,147.62437525446083,114.29418260273528,24.991598640461994,2194.5859880167764,392.0569068341897,624.2993121834699,18.22900743846556,3753.5025480509667,7,39.85
800,Automotive,119.89351423121772,398.905767681411,32.59251718026411,3261.5710216388534,503.97398716747904,290.62077802675793,79.31557742305517,2805.6385968035584,12,65.89
801,Automotive,62.09052664636312,172.13422120102146,12.261509564083303,3751.552239185089,387.51977552507645,182.25128814866133,24.658469976495354,2742.2937297686403,13,50.31
802,Automotive,25.089680107907455,273.5129402680759,28.080451121060662,1237.9009854165813,698.3861436103901,276.3987551508502,10.824591340064941,1869.2964685013014,14,29.49
803,Pharmaceutical,26.2750674233218,177.92334181738252,19.23648950709796,2086.0942671700714,679.1205504131134,744.5295157383135,79.81960573374879,2698.4985614792695,3,66.44
804,Food,179.8962661861825,110.2227633498619,33.42169572183026,1418.891697858983,729.5561950026788,507.11218649482873,29.67517198115792,3345.8393574245756,10,32.89
805,Apparel,46.45479169656115,333.30096360128147,7.9199536252843235,1073.2949079231587,304.7360681313248,473.436146121348,56.76136167587919,2208.142584458207,4,71.65
806,Apparel,71.44059680194894,74.44941567030672,28.972993425134337,3938.597377979608,349.8850571058627,517.475519784723,22.367761992341364,3627.935102682435,6,41.84
807,Automotive,53.06471642312772,386.89035535679,10.078247413782861,4555.338202741263,168.98866954139754,356.2197860225607,50.61599725393992,4333.914690849852,3,67.54
808,Automotive,77.44929810806809,192.9140578675025,14.653510092636783,1914.137709854426,672.734473253807,664.974914223659,73.28244905181916,942.4872712873336,11,68.71
809,Electronics,23.19053012175774,50.0606118520184,11.716780215855579,3781.266729431458,87.80727096886991,466.3003745101749,32.4126817199907,2367.425709523637,9,64.15
810,Food,108.62136027257137,280.0081126567534,9.959051213572039,4495.276917885614,617.7982187472861,181.7235319381569,56.917778323105146,2158.4964381683894,8,61.62
811,Pharmaceutical,22.84638708252083,71.0833588374214,41.45983662647268,4246.008631598134,876.2110906090521,190.34558738034406,23.153251215889156,3499.831059438695,6,21.71
812,Apparel,162.0677364862487,174.27630101940474,14.999670815383627,995.7856038422069,896.2905408751518,475.80140255183284,53.73567791031077,1399.3638332380608,4,51.18
813,Electronics,54.405295562982275,368.1394193550723,46.429065311358016,4785.83021941547,476.5858723514636,755.5991526495874,33.55152462722571,3273.204391770926,7,37.36
814,Electronics,112.60226377485701,78.21032972983964,48.526399741914354,1945.714558104366,486.33850380242006,315.84648517333915,24.78457810115662,4411.948360311142,13,29.57
815,Apparel,177.21502663667707,427.702321560201,28.99176302691777,1762.279239751798,123.1207238576165,708.6788182014528,31.92274354925446,2207.031679009389,11,56.26
816,Pharmaceutical,133.6667001189669,51.7189651963624,8.007055010620594,405.9135036611236,687.2267741708839,634.8669106052155,22.518874795545955,4572.875359900257,3,38.29
817,Electronics,111.2619794447537,161.070741140856,19.352863925599483,2482.250905113927,830.1964493542032,273.46871003483477,73.1341275486518,4967.185946880696,10,53.99
818,Electronics,71.62341309192136,383.40682526843216,40.088880904062485,634.1667166405507,282.4223018744774,125.43852382136971,37.80308204219902,709.2418397501699,8,52.97
819,Food,73.27036348105761,192.32156737818806,19.00214570615645,1317.8451225443873,450.2358375516964,171.2930855996679,27.169551348205715,1318.6553023273214,1,49.84
820,Pharmaceutical,137.20252148765613,95.85157462970608,5.263843696836648,1653.0188466596787,846.8973699270068,609.9457536932082,41.388548871115304,4761.8228071140475,3,43.66
821,Electronics,198.88647863202183,212.10526346019253,28.282460635481208,4063.248985109252,883.2644442791736,239.7688166284527,32.43753167645469,4799.972895110656,11,28.81
822,Pharmaceutical,135.74944607138195,171.6769788730365,42.410921723305705,4389.894386939893,281.02098125101463,359.8896443537756,62.10934776693282,668.9949218564408,5,64.32
823,Apparel,115.97884930030473,429.2203559722497,40.00039297003162,1582.0849555612015,573.0421028142961,451.1894162044974,77.98539383198461,271.9928018102561,5,65.26
824,Automotive,148.82359694545676,191.0065629133144,9.581033866387308,4307.620794098412,232.8684931040357,607.8277179151139,40.66235596883528,973.2801116308268,10,67.57
825,Electronics,98.38906633390644,405.01961229920323,33.96546610621087,4300.431593111976,146.7848259325787,179.26185628138776,70.27233799805683,4980.861360234792,14,67.18
826,Food,21.427045094149193,451.3424651648306,11.804708908346708,3846.78965688588,915.5644763223597,384.45648369422304,49.61041514917336,1063.998159731297,2,50.49
827,Apparel,116.83639501680287,245.2178388094383,11.69216919305644,818.8060586743895,829.4821290205037,439.5510363998868,21.006496556596343,2612.2285122657113,10,35.72
828,Pharmaceutical,191.94880405602223,459.4744147344764,43.82951689195407,3482.581949813572,772.0331567130152,478.5789447800778,58.34359194569391,4272.405086866453,8,39.93
829,Apparel,43.30755904795533,219.79312428343678,13.233778684271277,4730.617916444787,96.3280028724834,672.8524489766517,45.94041479880741,297.92773130339043,5,74.19
830,Electronics,141.1009292559265,483.8352874205487,13.899119979382547,3444.4483459590697,851.5423530747446,220.17473653025183,55.54245662764724,3101.5471148406054,7,50.46
831,Pharmaceutical,48.17740084522073,90.18028603650782,1.0320161473036782,1724.9225606283865,466.14187211011455,665.4820162786356,72.27811888001655,1529.7221545741968,7,78.68
832,Automotive,111.80726004988544,359.15866992645925,43.662782672150364,2552.8386554110734,375.2753671310667,585.0148993876566,40.830419945923225,4339.207598910712,14,43.01
833,Apparel,28.368525432876726,272.2163182056179,39.8371458472476,3264.0527124201626,569.1525429741076,489.1095699392715,73.08243362521489,1560.61351646758,5,60.41
834,Electronics,95.57047788905518,224.44196245504116,31.739117819443223,2601.7950027696675,136.78558058737804,589.6695092818004,62.546830999715844,3496.427457353163,8,67.48
835,Food,153.67103249009676,334.7203454368704,37.76302243300327,687.7694144817522,768.8142218847789,388.4124172661595,44.202344811458936,3436.2542357475054,9,37.06
836,Pharmaceutical,76.0385896054066,366.73569123544905,8.450379803800098,1629.1138187949011,603.313323043881,196.87831017768718,52.225549496057454,1263.169034526272,4,62.11
837,Apparel,136.33322765257142,51.96347134263909,23.457856134791196,4031.7405497127993,227.26059202950916,566.0356681857571,32.7906792763308,367.0361593680806,4,59.46
838,Apparel,161.13549255004855,125.12888993623942,18.209749980090262,4320.948425868035,228.8205897805933,467.2706146799356,78.8518109817142,2164.3979541699073,8,80.95
839,Automotive,186.163785701096,370.87072278544343,5.595049786593808,772.7701603062941,225.03621899404052,547.5623603799429,56.71458141352772,1588.1271294361745,1,76.19
840,Automotive,54.58199555253617,349.8734361101929,24.82039377553128,4766.695086753751,104.15226817433728,336.599146719943,13.069279674764093,4083.093198145801,4,45.32
841,Food,85.87002400376855,484.72137730790473,46.116242866789136,1711.2308274581858,608.4085269031006,734.8066041378851,32.863533402360616,4041.7481045856575,6,31.65
842,Food,38.95904253277931,392.46700561285235,2.9628968334840295,3345.3373197805277,848.3307687090827,511.15890800290384,53.63201036313402,2393.7149705246024,13,55.39
843,Electronics,198.5718654100913,477.8477184791021,15.2815847611959,3783.9432151877377,66.62330328801917,159.78173900361168,13.943329445946786,3111.258681551451,4,52.64
844,Electronics,186.13018390561612,366.14322569066314,11.16950587407947,4078.5365497256284,96.55441272270987,414.86279349310007,11.671893392339994,3100.445676737241,6,52.27
845,Food,112.59185475330632,184.12349388774942,12.66918602961912,4734.173540907058,594.1317628525985,629.449238320544,41.50169676694618,4170.359112452592,5,49.52
846,Food,169.98632593152004,97.41421501288542,45.51329304208939,1633.3057853412308,828.5209011167498,655.8941932125906,33.2883125784869,2240.011587791348,14,29.1
847,Pharmaceutical,108.98201568168801,401.820738505221,23.935383657480216,4306.681627302617,360.4019460402019,446.21793693463115,40.68090256232161,1522.1440629944436,9,56.91
848,Automotive,128.48128072052435,339.8671496641622,23.84867123405112,745.2658268374145,382.1336788673361,726.3232995819108,28.388531691600363,1472.1676070746278,10,50.25
849,Electronics,26.93364210204316,71.6837055769833,38.268206480308834,3554.7004411326043,616.5291726219372,287.3679060360083,21.530242286008665,2773.72294055458,9,31.41
850,Automotive,153.5013798943935,212.02270965544025,8.570117996241365,3735.690874618531,310.50224466793964,387.4190880667866,58.24003498862364,2355.9113731146203,4,71.67
851,Automotive,34.26556189069461,480.55991696792876,24.87600235090249,3420.84388188647,75.27794777379992,729.0178373982791,46.01997813874603,2312.5797007276938,13,66.18
852,Food,166.9528497479804,275.1805155695905,22.069275491931926,1336.3422070622496,748.4670921965162,727.3797015301052,24.01079478745568,637.4592276305947,14,39.45
853,Pharmaceutical,158.58533665737332,244.7281112088671,30.24862383678615,4377.911420374497,644.3674172943804,579.9989381772766,32.37125983819988,3649.297955312939,4,37.46
854,Apparel,144.66149257116552,255.96482232168228,49.97832745927149,927.4064705149356,601.7181991028762,701.2863829855542,51.42655353643281,1225.9361023131714,12,45.22
855,Pharmaceutical,16.8704722997048,143.99722580232367,38.702995810020305,362.8104784520711,754.599922542232,162.14128686936286,15.05605437907345,1145.3774250018625,8,27.12
856,Pharmaceutical,67.59438762961244,215.91822688915784,20.495419447853934,3615.5784539983697,691.4692956839356,705.4964833454434,20.321710648632568,2181.2399373314884,10,36.86
857,Automotive,59.99138828306015,216.41596519422947,41.550099561428304,2429.831004640395,245.58788876940508,324.43393458515874,15.127192287517309,1293.336039765447,4,40.99
858,Pharmaceutical,78.42591741958863,73.55975908436258,9.364709802311529,4260.580297797513,384.8569945961836,224.83205869975143,66.86221328998832,3002.519683078474,2,72.13
859,Electronics,26.652121885129322,395.40543283306323,2.492720629139046,1978.6459911854688,169.80463459469377,267.5588854394324,62.66864632484065,1983.0240288054633,13,81.28
860,Automotive,188.02198637590192,237.42699435674555,11.01797025074938,924.5650836877928,173.36416274698698,392.57795560972096,62.731905231548,2354.7762684453924,13,77.05
861,Electronics,115.2224257353515,419.9809490673905,17.680166249598724,4198.566743102361,692.3859590387123,275.8344032231271,60.142774043321964,2778.4127436993385,14,56.67
862,Apparel,68.04961902502447,432.6566005039529,26.018457115518434,2789.6571950363514,865.6701016333733,324.3973102115493,56.85697965689084,1176.9705079126634,2,49.7
863,Automotive,85.42648824411386,145.39732461439613,31.14132788651879,1027.059382712739,964.5959546680821,194.48494025014946,43.38943407647225,947.607789754543,1,38.41
864,Apparel,94.96848269591878,345.80906697655786,45.61968014350666,3629.881593073584,646.9297616719722,307.32373589129895,54.959471445498046,4426.025133793303,5,40.97
865,Automotive,124.11292333851729,262.5268118733418,25.982846467972426,2604.4568285985524,224.89625719290913,500.5986701794008,12.685308835158224,2281.8737735908207,6,44.64
866,Food,107.97909126233458,446.07053206466827,25.56250658666074,3061.1336129775673,150.36782817648418,409.29759566374474,53.50250958597492,2178.049326236188,9,67.66
867,Pharmaceutical,184.68447491073928,147.08330562940435,3.4619074813261244,2358.4018572122513,822.2084229599199,342.70313286513783,64.4514393875814,370.9383213096391,5,65.43
868,Food,104.42306175210774,355.0159401395199,2.710666080154967,4160.674020708231,599.8186525419993,622.5164901999798,45.025085226907315,2590.2862524194875,13,58.25
869,Apparel,198.5100228164294,323.4884550137252,28.00683813390223,4164.857306846944,637.3707699630338,725.4569799753225,35.025932989906586,2860.0146637328003,6,41.47
870,Pharmaceutical,171.77074197156819,182.88566490732475,22.47075204916888,3576.0052269394923,792.3889843169737,629.7524560316779,29.41987143606854,2882.436180582399,6,36.19
871,Automotive,49.6169977278938,111.47040664302767,42.11983935403463,616.4667492426652,718.113366345829,332.4004914823754,54.99614351134577,3593.749612749845,3,41.92
872,Pharmaceutical,186.8130907823441,343.23789221477443,8.873299650880414,4210.383923329938,842.7353402132918,621.1095174862876,58.49608390409361,1051.9128079568566,12,58.31
873,Electronics,32.10961559824045,382.3688561595488,2.22361144373543,3387.9636046112582,103.40321018688455,206.38612773183584,70.96773199037798,1410.6710443069703,4,88.67
874,Pharmaceutical,165.3154446133264,192.0323046935075,23.002899628576166,3515.4184134210677,760.1446049091796,191.22259166390364,33.96338577226935,4091.5062331059808,1,36.79
875,Electronics,82.31842576055021,340.1746718100412,12.636449280860617,1878.615917978971,858.3101194559906,341.93892592531125,63.88406151699099,4746.418960848291,4,51.65
876,Pharmaceutical,176.8151208845632,227.80890842517647,3.4311042936030347,4408.469825169333,321.8282903353986,665.39165833084,49.294907693253656,852.477187363139,1,71.92
877,Electronics,174.93077112041556,370.94309747717796,36.50531605553382,3654.3208411508017,658.4249102935902,272.4437730696113,71.79855434746554,2588.717861625047,5,56.37
878,Apparel,163.125826022348,139.6468737023239,6.468056997905126,651.6932859930529,348.4539606451235,144.27738622907572,46.94684758069345,1228.046013150017,11,67.98
879,Food,160.10578289834166,450.5967511862785,30.80765550038081,2098.112368590197,960.0725131583313,192.19667464444856,46.234087987857706,488.3512081039157,11,41.02
880,Automotive,67.88903642862775,179.33431840951087,14.77143775817757,4443.2637736046945,81.75239381372857,701.1214779707061,50.451395700863635,1762.41602300545,8,73.34
881,Pharmaceutical,25.374663779737915,215.5036944902688,9.501306467396079,331.2638383171571,600.8032016413073,543.6482993231014,62.45207485997041,889.7006008842211,8,67.62
882,Food,86.56623396538068,76.1413784361574,19.607824623046557,4810.941436246043,208.17836969703933,277.2408143589837,77.52833351799227,3607.678752484382,5,77.46
883,Automotive,42.96965784743665,100.18049554457437,40.27084303492473,3427.896584765858,726.6091949183008,488.70707772972696,15.149434795103595,2761.8819856229334,14,24.14
884,Automotive,142.04070689146772,282.13785622054763,20.212585268324062,3193.742290452545,217.09576924772898,469.30573569774526,13.7404221673712,890.4054607534922,10,50.49
885,Electronics,75.75894804217926,170.41670452758717,37.78771281134173,1425.7403567911579,273.6140988034397,558.8051849084629,75.6285236185137,244.35962434646896,2,74.0
886,Apparel,195.36593816338384,425.9661015839875,7.148828543158384,1319.0797648219677,519.6522704934702,263.2312880951314,47.09129378627443,4079.153835316221,12,56.94
887,Apparel,131.7846946956131,56.61202489472923,38.86579956358888,4716.085275494118,919.0932024970342,705.0820910360784,53.04321101968553,1045.7331495883882,6,41.31
888,Food,166.27130709052858,220.59232190237128,12.609732920425783,1561.5350257472014,251.1286535405723,316.557993456009,43.76965211163102,3109.8398826596767,1,63.09
889,Apparel,35.1796878209512,201.8054960460917,34.19226336455477,3899.9759539230968,187.02802006219835,585.8921577833657,16.556021682523216,1817.2251827683788,7,45.36
890,Pharmaceutical,173.78275163179828,58.69743391292047,28.72329618720882,2026.2968112146878,771.0279902613291,111.28725246055042,63.766256489306656,3010.332503912171,11,51.24
891,Apparel,185.32386619754493,105.9657795502296,46.52809114337268,782.3449468450494,525.5885557172344,360.85999092590305,62.305725156201085,1715.1374095151552,4,53.34
892,Food,102.54176457559782,236.13920371338588,19.97880338079039,152.50495870725885,916.1958567626829,346.19687257116584,31.81923250449684,617.30989132282,5,39.2
893,Apparel,125.18805817268571,271.789063001351,4.242094252887582,2766.8609513747288,189.28382930185018,480.43910000811013,31.436747165988027,1270.1600410772173,6,65.8
894,Pharmaceutical,155.31386217156913,231.9303862646911,1.9386187920113924,4881.31621088977,663.6314983718873,150.91538324403754,68.6488966633863,1102.6811190995627,11,71.43
895,Electronics,43.21933917947838,288.9219552854422,41.5160694876649,1908.767349665102,271.2351888442243,653.0919616082758,15.065008041892863,2254.49289171029,1,38.28
896,Food,105.48755452805406,317.8092537075567,26.712046245410175,1850.2424365659197,198.92240721905733,252.44656123729797,71.6773603849596,3359.7621604455553,9,72.47
897,Electronics,85.74597527673949,54.46571950752603,38.986958539912514,1786.0489274622662,699.2579443994069,573.9264704174071,27.96631829271401,1466.2691597425162,10,34.48
898,Electronics,37.81105851082733,258.84282175407674,12.48685440056422,2650.6648027938063,614.0003889132965,662.2484862708652,51.50893234288458,257.9356894429662,4,61.82
899,Electronics,79.83154023539097,483.5746583994147,17.909103530148453,2259.2579287790386,767.0860854442146,493.3138693690592,75.51959253012444,2690.899348470833,8,62.2
900,Automotive,22.952738783243777,283.5645260582969,2.4750897383546278,4411.581670962371,343.9894476238732,618.6182447053899,57.46857510756525,3107.6455489230657,5,71.21
901,Automotive,14.904262320402527,354.8940203565289,48.1131239041315,2577.0518794451023,475.57307356308047,563.3022185505039,39.01008687269256,4821.778371208687,11,36.35
902,Electronics,35.68159493941633,190.33873606259743,33.72552742833986,2588.0134071239872,435.19809251389756,348.87085800640534,58.26739462337906,3029.4598548475847,8,56.53
903,Food,192.99187120194304,398.29612016874313,46.727049300206005,778.0208141307273,984.8849907681885,666.2009773234957,34.078574542145915,2461.628285015081,1,23.88
904,Pharmaceutical,114.41061182005322,397.8146668442518,14.009323964024544,4915.423750460891,327.6365089024185,306.2909589198696,29.40808914444303,2952.3278043089786,8,53.37
905,Pharmaceutical,193.50621061911178,284.5832214443625,30.96171695005738,1324.8671652572655,330.07637642942854,499.849042426062,79.76782945542757,4653.92302333773,11,68.29
906,Apparel,92.17459688272507,489.2062204756461,34.24649844633925,459.48393055205304,386.82079838717704,621.7784173990776,62.55531618258514,4176.215098887902,13,57.62
907,Food,69.24506528619932,106.49759664319402,16.559935312621832,3349.416619978523,586.3643772258055,365.2691368687553,55.13039841672723,1750.2979201462783,11,59.85
908,Automotive,106.16695393964638,57.62644920031145,42.55735251576587,3017.295213768676,289.706607050558,311.93732533219753,34.87027502535231,1338.8209455542587,4,49.04
909,Electronics,93.50722084025293,396.5711952906932,47.41091168211214,2134.213704564454,919.5254433603102,421.5422071209759,13.44125804085337,1460.6413393571534,2,17.25
910,Apparel,30.076290009731345,413.21999181419716,44.35790076710421,2168.7419460153224,302.40128662295035,672.5744460444075,12.173981322460893,2621.2209906330227,11,34.03
911,Pharmaceutical,131.75699979113918,104.0932531042593,37.21428182102925,3946.813213127513,901.0249449821849,750.9452342019654,48.792687881415915,3771.4373658971735,6,34.94
912,Automotive,51.047254676823925,169.51227483137274,14.595769306522747,1058.9919364882803,148.30131046425544,481.5583890019231,63.34229047273357,2615.452194478218,2,76.15
913,Automotive,127.72171143058762,57.89856351498301,14.799186063175956,4119.24126282996,673.7345672796697,563.0263437265563,47.616543331069856,525.4226999749404,5,56.63
914,Electronics,133.53820755564914,181.9888748512541,48.204655701855856,3278.860858085589,911.6362425163315,732.2915355672399,68.85495503573802,3673.1873621119084,2,40.45
915,Pharmaceutical,38.88472209444314,397.91384326340216,1.5039403008489094,2152.9518915196695,210.31196647831806,168.9827959890597,12.339857316525514,4068.6566176205783,3,51.12
916,Food,21.65642915102695,283.0822374706605,36.086448688865076,2344.3402212609562,969.9106120942922,262.4550045063155,35.67264534981581,1589.5897525746543,11,31.13
917,Automotive,158.34470135300356,206.64301692572963,35.60606196520785,1357.5713152118694,480.2391923947361,596.2300043761077,26.594927382192463,3387.8035485600817,6,37.87
918,Electronics,97.36208051617083,217.28268270784864,31.511787506540074,3785.3602302151767,948.4293530189732,676.6211233386098,41.30910777099854,2247.641125061088,1,35.1
919,Food,21.0511211460404,50.60913157196067,49.51533345825642,2613.0862372958118,692.9790414485446,699.9203198314045,15.066347523588574,4467.772907491725,6,18.0
920,Pharmaceutical,199.02460026225575,184.91023740435617,16.282092352422538,1672.1872594742335,336.507526379874,390.57502379845283,76.78921490997507,4257.082679171552,3,73.27
921,Automotive,20.97830658930966,340.9064337370687,17.65862132586916,3020.645567228656,228.8873986712511,162.53793160430678,25.627878074855264,2722.073591886283,7,53.44
922,Food,142.05669348312512,488.3874997173607,4.868030744381222,4979.098815051483,338.5482939138444,406.4470341097339,74.56154428385094,3519.2266199052533,2,78.14
923,Food,196.8989958000486,431.1773721427548,22.697108690643134,2232.7851703171136,138.36653879954125,261.5142131449377,39.81252085256773,4440.078564906099,14,57.8
924,Food,55.444219801025866,60.617734090488106,13.791377785507557,4611.3878638152355,186.67456802616329,303.8375184976369,78.98668932786526,2579.4416483757223,6,83.22
925,Automotive,37.027380050567274,454.3522721036777,17.825948406704565,1790.582515630374,149.4274183291571,640.587289786254,48.784086842214755,1703.6035543463454,8,69.37
926,Automotive,33.063138490261494,402.4392859843817,41.89401772252575,368.19026393243087,451.79636655447985,152.8689602181208,75.15830049230652,3817.59746196599,1,59.63
927,Apparel,67.62227803784316,401.1692556069412,46.83874116284729,1100.7863212053016,805.7994574447071,679.3068522364915,10.374429208595599,1256.3180229665204,11,19.77
928,Pharmaceutical,29.198704092022872,256.0980915516071,10.100920528254095,2151.6062023056525,184.31437650552317,399.36836007691835,62.37671643266301,2064.9495104290017,11,77.49
929,Electronics,141.51065492188505,229.10238182952628,19.25293764611983,1176.2111501133882,173.8044115137191,517.2447517704165,73.21354571717609,4355.4907381126095,13,74.98
930,Food,21.835441644711914,186.31207797493667,46.502897543654306,101.11248726945213,661.2575020414642,162.7565618649753,19.780439688526783,3677.2272332927123,9,24.1
931,Apparel,106.79020434846005,79.5626865294646,4.028614573771909,4583.507534962883,237.32383286966297,336.15135485009574,16.728809621250605,2138.2928251879966,5,55.36
932,Electronics,199.37240223206558,152.7059135721646,5.525665877457548,4235.009115031552,142.729536203542,162.79064331039206,39.72008250301689,1230.7736115601156,5,70.91
933,Apparel,164.65435120614356,160.97163574011108,8.976758471105239,3737.231934286041,208.50614929529874,773.0806060167766,75.35752342930546,1908.6482759947353,13,84.02
934,Automotive,126.89169326389207,267.8346813695907,30.165428872216864,922.2915186655403,927.5448260829373,665.0831545283753,47.967059213330714,1563.6999162916784,12,40.96
935,Food,68.18818794945622,386.3499829685123,8.373141279293876,689.7815234289317,830.3976901373812,421.74292804952216,46.921952460521254,1045.2285821304988,5,53.11
936,Electronics,128.5402088954113,263.21442277907596,48.43574269108594,431.26327241467743,386.3613342373394,256.52178382656973,19.878828280952533,3767.997985115152,6,31.44
937,Electronics,110.13787814321381,76.03000225122227,22.889011835667496,3647.743024987314,673.0297289610231,753.4185736748965,10.055265776525316,1409.9354568808233,2,32.86
938,Electronics,90.95584293917058,481.00541044469173,25.57438005715815,4651.1590073706375,560.4118899846362,341.2176170088802,66.70980635218228,2380.0038568052664,6,61.55
939,Electronics,34.8349715806379,474.2259435923505,13.086272174464918,2209.625522473881,693.2680503084357,212.68910218116233,16.130219409036677,2052.1253448133234,14,37.93
940,Electronics,178.4548008956887,403.33529441678377,24.077052369301942,683.7892927806361,698.5375948396214,494.2150719177684,54.36948731147268,4913.971417451028,11,46.77
941,Apparel,95.45908327605127,496.0975557038993,33.433767999213565,2610.7248215873224,647.2973143069933,760.6418842413713,74.0231518160634,2077.2427719114585,4,60.06
942,Food,46.978277245945364,295.0170497601183,37.8076797107481,1809.2763465472876,302.79630011044316,102.6812033502258,24.60563392109017,583.915917424423,8,46.93
943,Automotive,79.87427666668502,483.2457576139427,37.93953605278574,1936.6421293149888,87.05609972467722,266.6873902777991,56.56909853658376,631.1636123460033,13,69.23
944,Automotive,88.68465298049614,84.02226827753785,29.316664522010328,3144.5200583629658,482.7884428906034,756.9133482872853,15.508900369525662,3035.617862494711,11,35.47
945,Automotive,167.2322001577061,214.55633671761709,45.31362897469901,3621.7187549847918,896.4251904561686,219.76017680001343,52.26286006863291,3076.945048343675,9,34.96
946,Automotive,149.3867323066664,151.42157060304464,41.05298451799936,641.9576344784881,591.0223955926472,179.2704161478739,21.475220466724192,2210.0431543167438,9,32.17
947,Apparel,156.16792979185456,138.1248878604215,38.09535762023265,274.3921309517343,840.7714896168126,499.1310510598631,61.51674923606246,2272.8497230977423,8,45.75
948,Pharmaceutical,12.095940241442971,113.36132700170424,3.7246705623425704,4972.2184831600025,992.0431258131667,703.2906763063809,31.086190635573573,458.8763976361818,3,43.37
949,Food,89.06925965415469,330.0861387046985,1.3370201487628164,1240.368909686204,205.43539393136246,433.97687238574827,42.43737061632524,2679.4232498684587,10,69.16
950,Electronics,101.45538881071148,401.5948350862873,11.409916582578175,363.7695720514495,707.1887571848832,796.1949796791673,51.96013794193352,2622.7494818256882,11,54.95
951,Pharmaceutical,13.64653259638077,310.2342797391623,33.51265610175916,1030.389112570008,690.5788950150234,575.420189676595,21.98913874663677,917.8367290733338,11,35.04
952,Automotive,59.364509661556504,116.13321931469436,21.148676955244746,290.8934471074747,980.9576749903645,151.8524350473134,61.914647303233465,698.4290533324524,4,51.67
953,Pharmaceutical,154.45506639320564,415.00569647006193,20.717906705666273,2019.873383624141,986.3206972551603,794.9824921773827,31.184823844577018,793.1479548775544,1,36.13
954,Food,36.05084408850982,336.17961822367783,44.344757523251076,4031.768743811489,702.344681137923,385.5259657461333,56.36603019389275,684.9355831580409,9,48.0
955,Electronics,111.70892497599242,224.674567757148,44.8825795584601,1772.097803812831,281.4340523830846,301.18177369183775,21.079813548956153,3126.5993385764473,5,37.89
956,Electronics,50.88835568327512,353.3586329912283,45.5495879386257,2276.498693703996,808.6280462240691,490.5154285045199,58.16823614444452,1143.1167315340094,6,44.32
957,Food,12.302947182339722,166.95724065927476,16.38002574923634,3410.37519048045,151.6776775004862,313.015314274605,18.973165096732323,1406.8647304998246,3,55.57
958,Food,55.82827694391288,205.33649382239471,34.861734824223824,2593.580943342413,791.6643389630473,160.52025498410663,39.774954738898856,1033.1462919269106,11,40.13
959,Automotive,195.41601343291023,462.8686294093956,14.310025882444112,4321.083861504489,914.6863179374616,100.9998401554237,27.304425161721376,4797.609461352815,10,30.89
960,Electronics,162.29205125776804,180.72702755213916,10.33988182064804,4343.574807724207,413.6917250300135,414.7083470441836,62.38626745997278,4302.16382312881,8,66.04
961,Pharmaceutical,192.31956242099633,261.4947206710715,10.046990410021092,148.56240790665285,649.1035302339264,685.8043955586146,28.34245031548122,1306.3752192873003,7,48.07
962,Apparel,102.69226834600886,450.5635118282066,17.763273422316107,3912.426901767676,458.635595491985,500.6206299410536,71.72021144767774,1772.3182108262047,1,71.45
963,Apparel,30.849877748725667,368.47460762038736,22.067923369211265,2357.594641184202,465.876802238722,799.4451092604086,72.4274147984629,1207.4856430639863,10,71.0
964,Food,114.11230290500166,77.99145177411624,41.71650938169835,4945.3186523879485,344.85234465271407,300.79265195304,23.75089206559501,2561.004605411954,12,39.72
965,Automotive,96.33169356639257,116.28636992553665,6.874663580162893,2467.837171789632,774.0231394278084,296.31854533203875,52.969216150540696,294.13055587641725,5,59.93
966,Apparel,170.42784572052705,53.52871584736257,37.01136652234982,4935.790132402658,939.3677359581799,211.82462216376095,16.140234920397504,3422.5664427046195,10,18.24
967,Electronics,28.63569034900647,333.9148056031235,27.041290795275962,3797.389869908109,943.7133162727381,214.84451178573462,37.40759697211404,2711.15911912468,9,34.15
968,Food,102.76581603413786,251.45304143468826,15.109321791123632,1318.163934605201,216.04222063118715,299.6306172070335,59.932521065089055,4513.466855845296,12,68.41
969,Pharmaceutical,38.50924629185701,110.423682906024,25.148159642108403,2738.1353985060928,881.0064671737377,654.988031691469,56.15962727949414,989.0848847763879,11,49.61
970,Food,71.68842610911139,481.0703544755467,15.69716141907411,4961.464633445055,750.5598693557661,734.0297534455135,53.72904685846256,4059.724381093432,12,49.95
971,Pharmaceutical,150.09784470368194,288.34687577552893,30.208015806676993,4301.899977984426,290.1955306557748,782.5610187953769,29.77786045637105,4001.4128694402357,6,46.1
972,Food,100.44344458006564,158.85198235080014,22.258352219906968,577.0977795769834,113.92038227543883,262.60275786751686,36.461746460408136,810.4697082410572,8,64.29
973,Food,81.41877417769618,275.2716070196184,9.055870924865058,3561.2227843689807,304.59740354015906,716.9082819298642,17.20623012902003,2113.0842758918125,10,51.62
974,Food,84.95049292830672,355.8291497307985,6.71257065322914,1793.339970766984,916.5978249424494,329.77856249413594,60.33159743035207,1016.7326774936811,1,57.95
975,Pharmaceutical,97.29488599713746,84.30764808810402,27.78808842153438,134.21308321370577,651.5197411509837,178.9883811618191,45.27221577538915,1422.6584021962346,10,49.13
976,Pharmaceutical,159.1531433290408,173.6167167715514,45.21823863101907,2077.056748232298,735.0019278529783,709.017447864116,59.613594264195825,1463.5816391866128,11,46.74
977,Food,179.49609089864452,413.13447089779714,17.85392664132659,1250.2966664523594,294.2947335536411,545.2739442505331,27.426046735781092,2869.934691323709,7,52.0
978,Apparel,191.51359043574638,256.84919168119757,36.917005253908535,4112.459425550311,733.4187477960793,215.3116272567432,32.71067600445463,2174.772472450234,3,35.24
979,Automotive,159.51164338850606,295.9597139145327,33.27440639204858,1752.9199833442508,76.71543096402758,400.88188025910176,33.39507360820802,4749.117459230266,9,51.59
980,Automotive,69.92731019212242,244.76720099426117,46.64619080116457,4154.866100373703,406.5552784843631,301.0803864139474,11.801968682305134,806.5766813456246,6,33.43
981,Automotive,140.74559415644302,69.75497418935231,41.2280698476579,102.92990029049702,645.4156811152146,615.7561980971379,33.873351098143644,4873.722247280954,5,31.34
982,Pharmaceutical,93.14459357052446,124.58740091907016,28.763657686367686,1608.3138351279838,188.7917372642542,417.39136143698767,66.23132014626235,1307.0654730284668,8,73.33
983,Pharmaceutical,58.38741818874972,250.4937374338509,33.19449441347126,1281.7095501080335,831.853395724588,792.4959615744694,72.8108947024817,3909.7948946328947,8,50.35
984,Apparel,169.7656000909253,144.1334594335675,45.02093686261771,1244.4800692361937,273.2797338713227,138.32148758171658,46.27528209451492,1827.0556456295428,12,53.28
985,Automotive,17.30100630284175,72.49056289685544,20.576420444759805,434.1144368507672,669.6670571775239,348.5106862953727,41.885118665345416,886.7906980031067,12,50.85
986,Automotive,181.33477850573047,429.6423488233207,17.012940587031093,1016.9089250114585,434.9372854465632,437.3301169769842,12.157723308955918,4317.868089181951,3,37.59
987,Food,97.68071827869949,491.53663812385213,1.5297430981246207,2822.1928924395374,616.2414157037648,452.19348832382383,71.54430363097678,1682.5323163350233,2,73.31
988,Pharmaceutical,131.06828059357326,406.91429329853275,41.501002635381745,1527.669256904948,152.0780249974627,321.15507566994575,10.91071493981109,3362.5059402888423,2,37.57
989,Automotive,135.27724521909872,434.2032147671002,40.24805431976488,2145.2344334128247,66.06715992552697,610.4681743682977,76.13250561471483,2918.9296884158075,14,74.15
990,Apparel,180.0723707342419,158.88970864267043,6.118271386907418,1946.6477137012237,914.0862060112861,712.3229514422823,44.24513740816634,2464.430285076197,5,47.32
991,Apparel,130.9672396117694,482.28213898093986,29.266011675502313,4391.934132499484,306.14850832882365,757.1035113845041,33.93541455023086,2579.9334687129876,10,50.92
992,Automotive,126.64738110441174,138.6165670040428,23.73510321017748,4535.965095151526,828.6931526414361,663.5653637596683,74.6952904389862,3714.7419876429803,12,55.56
993,Pharmaceutical,22.663887706531092,478.1434146628245,6.816745679946462,2515.489161113714,999.3827854485902,695.4061381146196,11.707369517706772,621.3099877925147,7,31.9
994,Apparel,108.49752416958877,497.66868228467797,49.047843125975454,1717.7641565464617,250.8596950989656,485.3817104339969,50.6997426408361,3407.2671773979446,8,51.39
995,Food,38.532110155237916,370.2752625857219,11.520098485704416,623.3234496115819,301.91220412418784,678.1217584987702,48.42527671495363,4499.898086713178,10,61.55
996,Apparel,150.11241605708227,491.51467930631986,4.294474824437496,4771.6741089722655,679.7167982529324,312.4527364035665,25.352428084796745,477.38334569534794,8,49.61
997,Electronics,107.32216495440815,306.29290080519667,30.14752159559357,395.11203001145753,967.1762028705901,378.93513347645006,40.02212019451474,875.1360283216004,13,37.19
998,Electronics,139.24327804958713,166.79380242924066,37.2044671795186,1558.4863600845742,920.0236307812067,321.839109672981,55.65848041606392,3639.8332961697506,12,38.07
999,Pharmaceutical,17.91785111445301,246.6481485495294,2.589728856312161,1560.5243857330204,527.7317440623057,427.1711348135478,60.899183781734926,2298.951911574164,8,68.98
1000,Automotive,26.110483048702612,317.10242092045365,33.27716429762408,1669.966302087053,805.3547684003885,299.90573136704546,10.050180109460584,2137.0333799057044,10,23.28
